62.469661712646484,6.240120315155029,[-1.69473463e-08 -2.04671705e-04 -3.92942925e-04],[ 4.75682696e-11 -4.94046009e-03  4.58324179e-05]
62.46966171264647,6.240120228595147,[-2.52602755e-08 -3.96657266e-04 -3.92150035e-04],[-7.08051389e-10 -4.46561264e-03  2.48102177e-05]
62.469661712646456,6.2401200066951885,[-3.67661771e-08 -8.84138919e-04 -3.91561016e-04],[-1.34152596e-09 -1.14477889e-02 -1.50165067e-06]
62.46966171264642,6.240120093390037,[-3.70149974e-08 -7.28070936e-04 -3.91708646e-04],[-3.49236739e-09  4.47257553e-03 -4.61315441e-05]
62.469661712646364,6.240120267460042,[-5.34754561e-08 -3.78699496e-04 -3.91499529e-04],[-6.42227207e-09  8.98024804e-03 -8.18906346e-05]
62.4696617126463,6.2401202811094665,[-5.56029663e-08 -3.59318162e-04 -3.92027057e-04],[-7.19364576e-09  7.04171990e-04 -1.35822660e-04]
62.46966171264623,6.240120389192291,[-8.58359447e-08 -1.37012301e-04 -3.91965277e-04],[-8.39243614e-09  5.57597830e-03 -1.75019187e-04]
62.46966171264616,6.240120247459686,[-3.41836083e-08 -4.40653603e-04 -3.90442905e-04],[-8.33551384e-09 -7.31196596e-03 -1.78264272e-04]
62.46966171264609,6.24011992781992,[ 8.47645594e-08 -1.13482481e-03 -3.90352892e-04],[-8.14462696e-09 -1.64901723e-02 -2.17299561e-04]
62.46966171264597,6.2401196388810485,[ 2.16910756e-07 -1.78644771e-03 -3.90262902e-04],[-1.27766002e-08 -1.49063174e-02 -2.56325851e-04]
62.46966171264579,6.2401196649404955,[ 2.06013054e-07 -1.78534511e-03 -3.88690849e-04],[-1.95008206e-08  1.34440337e-03 -2.58869300e-04]
62.46966171264562,6.240119496861697,[ 2.99390312e-07 -2.19674248e-03 -3.88572222e-04],[-1.91794918e-08 -8.67116254e-03 -2.97726522e-04]
62.46966171264528,6.240119492461893,[ 3.05776230e-07 -2.26985279e-03 -3.87718726e-04],[-3.70019150e-08 -2.26985278e-04 -3.18486136e-04]
62.46966171264488,6.240119487920462,[ 3.12606557e-07 -2.34291775e-03 -3.86324711e-04],[-4.33580267e-08 -2.34291773e-04 -3.26206183e-04]
62.469661712644466,6.240119483237496,[ 3.19602149e-07 -2.41593590e-03 -3.84874822e-04],[-4.68491082e-08 -2.41593588e-04 -3.33009237e-04]
62.46966132963213,6.24011918851047,[-0.00171848 -0.00310909 -0.00038424],[-0.04268794 -0.01520493 -0.00036024]
62.46966098351709,6.240119113519529,[-0.00328304 -0.00335295 -0.00038405],[-0.03857562 -0.00386877 -0.00039864]
62.46966067073505,6.240118997694871,[-0.00470771 -0.00368851 -0.00038181],[-0.03486055 -0.00597538 -0.00038669]
62.46966038806653,6.240118844952561,[-0.00600566 -0.00411013 -0.00038032],[-0.0315043  -0.00787996 -0.000394  ]
62.46966013260309,6.240118706709514,[-0.00718887 -0.00451045 -0.00037879],[-0.02847221 -0.00713194 -0.00040042]
62.46965990171746,6.240118629435584,[-0.00826818 -0.00478895 -0.00037587],[-0.02573294 -0.00398655 -0.00037327]
62.4696596930365,6.240118655135739,[-0.00925341 -0.00485139 -0.00037554],[-0.02325816  0.00132587 -0.00041082]
62.46965950441597,6.2401183429667135,[-0.01015307 -0.00563273 -0.00037314],[-0.02102236 -0.01610476 -0.00039744]
62.469659495215595,6.24011833174969,[-0.01025181 -0.00579092 -0.00037277],[-0.00102541 -0.00057868 -0.00043471]
62.46965894254194,6.240118289598737,[-0.01278918 -0.00601543 -0.00037075],[-0.06159723 -0.00217456 -0.0004314 ]
62.46965844306179,6.240118825828127,[-0.01510103 -0.00500493 -0.00036989],[-0.05566865  0.027664   -0.00045732]
62.469657991639636,6.240119310257185,[-0.01720781 -0.00406599 -0.00036869],[-0.05031243  0.02499163 -0.00047467]
62.46965758363663,6.240119795822746,[-0.01912863 -0.00308921 -0.00036719],[-0.04547323  0.02505027 -0.00048517]
62.46965721486224,6.240120234601966,[-0.02088073 -0.00217701 -0.000366  ],[-0.04110108  0.02263656 -0.00050356]
62.46965688153088,6.240120822689168,[-0.02248001 -0.00091371 -0.00036447],[-0.03715084  0.03033934 -0.00051376]
62.46965658022279,6.240121306384915,[-0.02394045  0.00016921 -0.00036157],[-0.03358174  0.0249538  -0.00049066]
62.46965630784857,6.240121743686442,[-0.02527497  0.00118819 -0.00035872],[-0.03035697  0.02256033 -0.00046958]
62.46965606161723,6.240122091238432,[-0.02649525  0.00204679 -0.00035696],[-0.02744326  0.01793016 -0.00047623]
62.46965583900743,6.240122070435963,[-0.02761161  0.00214244 -0.00035459],[-0.02481057 -0.0010732  -0.00046815]
62.46965563774128,6.240121956140114,[-0.02863395  0.00203581 -0.00035237],[-0.02243175 -0.00589651 -0.00046447]
62.46965545576091,6.240121805214536,[-0.02957099  0.00184171 -0.00034943],[-0.02028229 -0.00778623 -0.00044345]
62.46965529120712,6.240121669043199,[-0.03043069  0.00166741 -0.00034711],[-0.01834004 -0.00702506 -0.00043862]
62.469655142400285,6.2401217377144205,[-0.03122034  0.00192029 -0.00034462],[-0.01658499  0.00354274 -0.00043006]
62.46965511416602,6.240121741693575,[-0.03146886  0.00203931 -0.00034176],[-0.0031468   0.00020528 -0.0004131 ]
62.469655365213384,6.240121995328114,[-0.03046233  0.0026919  -0.00033989],[ 0.02798003  0.01308497 -0.00042102]
62.46965533766934,6.240122000840597,[-0.0306999   0.00283096 -0.00033776],[-0.00306987  0.00028439 -0.00042307]
62.469655183963965,6.240122230025824,[-0.03150217  0.00344713 -0.00033643],[-0.01713095  0.01182364 -0.00044515]
62.469655155484915,6.240122237038844,[-0.03174241  0.00360388 -0.00033557],[-0.00317408  0.0003618  -0.0004787 ]
62.46965540214647,6.240122587688873,[-0.03074637  0.00449483 -0.00033292],[ 0.02749121  0.01808999 -0.00046821]
62.46965537435571,6.240122596785899,[-0.03097587  0.00467864 -0.00032996],[-0.00309737  0.00046931 -0.0004508 ]
62.46965521672732,6.240122961326923,[-0.03178677  0.00562088 -0.00032777],[-0.01756818  0.01880663 -0.00045279]
62.46965507419513,6.240123243261293,[-0.03253012  0.00641041 -0.0003268 ],[-0.01588566  0.01454496 -0.00048547]
62.4696549453047,6.240123450576463,[-0.03321215  0.00705799 -0.00032386],[-0.01436525  0.01069536 -0.00046939]
62.46965482874147,6.240123303182803,[-0.03383817  0.00695955 -0.00032095],[-0.01299134 -0.00760402 -0.00045462]
62.469654723318115,6.240123170373239,[-0.03441364  0.00687968 -0.00031755],[-0.01174977 -0.00685163 -0.00042833]
62.46965462796181,6.2401234337774145,[-0.0349435   0.00763514 -0.0003142 ],[-0.01062776  0.01358899 -0.00040433]
62.46965454170336,6.240123241292896,[-0.03543115  0.00743209 -0.00031308],[-0.00961378 -0.00993025 -0.00043563]
62.46965450969799,6.240123256164168,[-0.03567435  0.00765653 -0.000311  ],[-0.0035671   0.00076721 -0.00044347]
62.46965405164625,6.240123464582963,[-0.03782799  0.00829235 -0.00030905],[-0.05105132  0.0107523  -0.00045471]
62.469653637642,6.240123653336268,[-0.03978737  0.00889793 -0.00030789],[-0.04614209  0.00973776 -0.0004855 ]
62.46965326343883,6.240124111630704,[-0.04157074  0.01008971 -0.0003037 ],[-0.04170613  0.02364335 -0.0004416 ]
62.469653225898824,6.240124131774774,[-0.0418441   0.01037382 -0.00030248],[-0.00418395  0.00103923 -0.00047185]
62.46965250817282,6.240124544950487,[-0.04516833  0.01149445 -0.00030127],[-0.07999284  0.02131569 -0.00050198]
62.46965185951208,6.240124870988289,[-0.04818657  0.0124529  -0.00029875],[-0.0722953   0.01682025 -0.0005    ]
62.46965127325909,6.240125357717643,[-0.0509271   0.01377256 -0.00029621],[-0.06533976  0.02511031 -0.00049796]
62.46965074339947,6.2401259897245644,[-0.05341544  0.01543036 -0.00029267],[-0.05905454  0.03260516 -0.00047153]
62.46965069518768,6.240126020477712,[-0.05374104  0.01584017 -0.00028924],[-0.00537336  0.00158655 -0.00044849]
62.46965060384944,6.240126542136068,[-0.05425753  0.01729566 -0.00028618],[-0.01017994  0.02691229 -0.0004352 ]
62.469650521219705,6.2401271100611835,[-0.05473203  0.01887749 -0.00028234],[-0.00920935  0.02929919 -0.00040342]
62.469650446461664,6.2401276240904,[-0.05516812  0.02037341 -0.00027859],[-0.00833202  0.02651871 -0.00037445]
62.469650396682155,6.240127664607805,[-0.05548866  0.02088211 -0.0002745 ],[-0.00554808  0.00209029 -0.00033782]
62.46964995073955,6.240128079003443,[-0.05758436  0.02218431 -0.00027179],[-0.04970172  0.02137862 -0.00033596]
62.46964989878767,6.240128123067228,[-0.05790965  0.022713   -0.00026835],[-0.0057902   0.00227325 -0.00031654]
62.469649883671664,6.2401291174793085,[-0.05806698  0.02526744 -0.00026676],[-0.00168473  0.05130161 -0.00034322]
62.46964983129209,6.240129167632295,[-0.05838759  0.02585383 -0.00026518],[-0.00583787  0.00258739 -0.00036973]
62.46964943951838,6.2401302548861715,[-0.06022901  0.02864956 -0.00026195],[-0.04366442  0.0560913  -0.00035579]
62.469649085424464,6.240131238505229,[-0.06189864  0.03127604 -0.00025872],[-0.03946489  0.0507448  -0.00034218]
62.46964876538219,6.240132320077409,[-0.06341247  0.03415516 -0.00025594],[-0.03566973  0.05579819 -0.00033993]
62.46964847611362,6.240133490263995,[-0.0647849   0.0372692  -0.00025245],[-0.0322399   0.06036979 -0.00032076]
62.46964821465603,6.240134596977648,[-0.06602883  0.04029426 -0.00024968],[-0.02914028  0.05709523 -0.00031945]
62.46964815512531,6.240134676810471,[-0.06636204  0.04116447 -0.00024612],[-0.00663489  0.00411857 -0.0002993 ]
62.46964809529719,6.240134758308671,[-0.06669293  0.04202487 -0.00024344],[-0.00666803  0.00420448 -0.00030104]
62.46964803517453,6.24013484145579,[-0.06702152  0.04287533 -0.000241  ],[-0.00670086  0.00428955 -0.00030899]
62.46964819900067,6.240135967044514,[-0.06634207  0.04594054 -0.00023921],[ 0.01825894  0.058069   -0.00033291]
62.46964834699486,6.24013708140694,[-0.06573047  0.04901656 -0.00023534],[ 0.01649442  0.05748983 -0.00030554]
62.46964828775046,6.2401371782641,[-0.06604502  0.04994832 -0.00023251],[-0.00660298  0.00499685 -0.00030428]
62.469648044095194,6.240137604240213,[-0.06718402  0.05156662 -0.00022944],[-0.02715615  0.02197606 -0.00029749]
62.46964782388134,6.240137942703997,[-0.06821405  0.0529953  -0.00022646],[-0.02454353  0.01746131 -0.00029285]
62.46964762485355,6.240138106301125,[-0.06914512  0.05404307 -0.00022221],[-0.02218228  0.00843996 -0.00025754]
62.46964744497224,6.240138351240721,[-0.06998643  0.05524979 -0.0002185 ],[-0.02004834  0.01263641 -0.00023605]
62.46964728239655,6.240138334497222,[-0.07074607  0.05588539 -0.00021562],[-0.01811958 -0.0008638  -0.00023532]
62.469647135463404,6.240138224864106,[-0.07143159  0.05629978 -0.00021257],[-0.01637617 -0.00565596 -0.00023061]
62.46964700266875,6.240138270641554,[-0.07204986  0.05702023 -0.00020952],[-0.01480039  0.00236165 -0.00022616]
62.46964688265365,6.240138648360576,[-0.0726071   0.05843053 -0.00020651],[-0.01337606  0.01948648 -0.00022299]
62.469646774190124,6.2401389908825236,[-0.07310866  0.059759   -0.0002034 ],[-0.0120886   0.01767067 -0.0002174 ]
62.469646676168324,6.24013944522452,[-0.07355965  0.06131789 -0.00020038],[-0.01092484  0.02343945 -0.00021423]
62.469646609906505,6.240139565740733,[-0.07386421  0.06215836 -0.00019696],[-0.00738509  0.00621742 -0.00020129]
62.46964654337296,6.240139687856462,[-0.07416643  0.06298444 -0.0001936 ],[-0.00741538  0.00629994 -0.00019004]
62.469646467582116,6.240139934760658,[-0.07450669  0.06405953 -0.00019025],[-0.00844713  0.01273776 -0.00017958]
62.46964639909726,6.2401398716446606,[-0.07481047  0.0644588  -0.00018809],[-0.00763285 -0.00325615 -0.00019839]
62.46964633172108,6.24013999813055,[-0.07510583  0.06523903 -0.00018596],[-0.00750929  0.00652539 -0.00021773]
62.46964665935835,6.240140074518258,[-0.07362482  0.06589532 -0.00018314],[ 0.03651621  0.00394083 -0.00021983]
62.46964695543517,6.240139617773022,[-0.07228376  0.06539331 -0.00017948],[ 0.0329987  -0.02356344 -0.00020146]
62.46964689034158,6.240139745935572,[-0.0725622   0.0661043  -0.00017605],[-0.00725489  0.00661189 -0.00018897]
62.46964678117453,6.240139705541465,[-0.07303516  0.06643916 -0.00017277],[-0.01216701 -0.00208393 -0.00018036]
62.4696467154089,6.240139835664442,[-0.07330999  0.06711708 -0.00017024],[-0.00732979  0.00671303 -0.00019049]
62.46964700615047,6.240139931806602,[-0.07198157  0.06770733 -0.0001668 ],[ 0.03240407  0.00495996 -0.00017809]
62.46964726889789,6.240139971527389,[-0.07077711  0.06816065 -0.00016368],[ 0.02928403  0.00204919 -0.00017388]
62.46964750635086,6.240140008105938,[-0.06968432  0.06858925 -0.00016139],[ 0.02646489  0.00188708 -0.00019002]
62.46964744361265,6.240140142282738,[-0.06993688  0.06920837 -0.0001594 ],[-0.00699237  0.00692217 -0.0002134 ]
62.46964738065104,6.240140277639848,[-0.07018761  0.06981561 -0.00015712],[-0.00701727  0.00698306 -0.00022911]
62.469647607425216,6.24013985567931,[-0.06913487  0.0692178  -0.00015483],[ 0.0252747 -0.0217689 -0.0002446]
62.46964781238129,6.240139474866549,[-0.06817808  0.06867616 -0.00015255],[ 0.022843   -0.01964609 -0.00025985]
62.46964799762351,6.240139274829226,[-0.06730779  0.06849118 -0.00014807],[ 0.02064583 -0.0103199  -0.00022095]
62.46964816505011,6.2401391902326395,[-0.06651538  0.06852987 -0.00014454],[ 0.01866023 -0.00436433 -0.0002058 ]
62.46964810518031,6.240139324038148,[-0.066741    0.06901638 -0.00014144],[-0.00667268  0.00690301 -0.00020163]
62.469647879309356,6.240139283343341,[-0.06770911  0.06911852 -0.00013884],[-0.02517404 -0.00209944 -0.00020974]
62.46964767524767,6.240139199020501,[-0.06857657  0.06911067 -0.00013686],[-0.02274332 -0.00435021 -0.00023295]
62.46964761353003,6.240139333871733,[-0.06880248  0.06955358 -0.00013357],[-0.00687863  0.00695696 -0.00022342]
62.46964781818659,6.240139053741132,[-0.06783013  0.06909953 -0.00013051],[ 0.02280962 -0.01445191 -0.00021974]
62.46964775714455,6.240139188502903,[-0.06804856  0.0695085  -0.00012807],[-0.00680333  0.00695234 -0.00023159]
62.46964756505308,6.240138779172138,[-0.06885248  0.06874491 -0.00012467],[-0.0214092  -0.02111733 -0.00021928]
62.46964750309457,6.240138913173241,[-0.06906988  0.06911588 -0.00012071],[-0.00690547  0.0069131  -0.00019342]
62.46964744094086,6.240139047876343,[-0.06928571  0.06947978 -0.00011719],[-0.00692723  0.00694932 -0.00017865]
62.46964727948661,6.240138604636836,[-0.06994457  0.06859994 -0.00011245],[-0.01799459 -0.02286668 -0.00013416]
62.469647133649055,6.24013849142753,[-0.07053076  0.06839865 -0.00010994],[-0.01625406 -0.00584046 -0.00014515]
62.46964700192922,6.240138341283711,[-0.07105089  0.06810285 -0.00010744],[-0.01468059 -0.0077459  -0.0001559 ]
62.46964693799785,6.2401384738796,[-0.07126421  0.06839497 -0.00010516],[-0.00712535  0.00684061 -0.00017217]
62.46964687387755,6.240138607033254,[-0.07147594  0.06868152 -0.00010307],[-0.00714641  0.00686938 -0.00019256]
62.469646767398146,6.24013892460099,[-0.07187545  0.06935551 -0.00010062],[-0.01186747  0.01638328 -0.00020357]
62.46964667125297,6.240139211592192,[-7.22259942e-02  6.99635369e-02 -9.79733181e-05],[-0.01071569  0.01480584 -0.00020968]
62.46964660627561,6.2401393477868545,[-7.24340611e-02  7.02474913e-02 -9.54362585e-05],[-0.00724193  0.00702627 -0.00021822]
62.469646908822206,6.240139498241182,[-7.09902406e-02  7.05555916e-02 -9.22392181e-05],[ 0.03371978  0.00776192 -0.00021028]
62.469647182292945,6.240139634173546,[-6.96759315e-02  7.08264879e-02 -8.78620642e-05],[ 0.03047918  0.00701274 -0.0001733 ]
62.46964742948883,6.240139661201125,[-6.84782876e-02  7.08580951e-02 -8.50123977e-05],[ 0.02755077  0.00139435 -0.00017438]
62.4696476529454,6.24013968555686,[-6.73858193e-02  7.08741605e-02 -8.29229933e-05],[ 0.02490494  0.00125651 -0.00019401]
62.469647854952726,6.240139420189035,[-6.63880143e-02  7.02613216e-02 -8.07626569e-05],[ 0.02251436 -0.0136903  -0.00021147]
62.46964803757895,6.240139132359276,[-6.54755975e-02  6.95819483e-02 -7.76651845e-05],[ 0.02035427 -0.01484911 -0.00020547]
62.46964797869205,6.24013926765979,[-6.56456630e-02  6.97878983e-02 -7.38978356e-05],[-0.00656313  0.00698014 -0.00018293]
62.46964791965223,6.240139403349035,[-6.58145580e-02  6.99898923e-02 -7.05379348e-05],[-0.00658018  0.00700019 -0.00017063]
62.46964809630113,6.240138972975194,[-6.49236090e-02  6.89775321e-02 -6.83762343e-05],[ 0.01968808 -0.02220294 -0.00018785]
62.469648256018694,6.24013824863037,[-6.41069058e-02  6.73141489e-02 -6.61526692e-05],[ 0.01780103 -0.03736887 -0.00020313]
62.46964840043779,6.240137402194633,[-6.33571438e-02  6.53577887e-02 -6.35826628e-05],[ 0.01609597 -0.04366752 -0.00020949]
62.46964853103353,6.240136636877095,[-6.26677841e-02  6.35387979e-02 -5.94054945e-05],[ 0.01455531 -0.03948265 -0.00017603]
62.46964864913714,6.240135753272194,[-6.20328280e-02  6.14339426e-02 -5.54915731e-05],[ 0.01316302 -0.04558508 -0.00014941]
62.46964875595435,6.2401348105761745,[-6.14468933e-02  5.91654881e-02 -5.32116244e-05],[ 0.01190512 -0.04863358 -0.00016323]
62.46964885257641,6.240133670758276,[-6.09049780e-02  5.64360390e-02 -5.05916722e-05],[ 0.01076883 -0.05880308 -0.00016829]
62.4696489399867,6.240132448462835,[-6.04027395e-02  5.34825686e-02 -4.79718093e-05],[ 0.00974215 -0.06305808 -0.00017309]
62.46964901907428,6.240131390938218,[-5.99362986e-02  5.08293877e-02 -4.58591099e-05],[ 0.00881456 -0.05455758 -0.0001901 ]
62.4696490906431,6.24013033859033,[-5.95019911e-02  4.81414955e-02 -4.29827304e-05],[ 0.00797657 -0.05429051 -0.00018787]
62.469649155418196,6.240129626003179,[-5.90967632e-02  4.61335085e-02 -3.82853283e-05],[ 0.00721939 -0.03676229 -0.00014065]
62.46964921405372,6.2401288852319805,[-5.87176326e-02  4.40338934e-02 -3.49567665e-05],[ 0.00653512 -0.0382163  -0.00012765]
62.46964926714409,6.2401284541038615,[-5.83620020e-02  4.25630447e-02 -3.12170887e-05],[ 0.00591709 -0.02224185 -0.00010453]
62.46964931522461,6.240127728191757,[-5.80273540e-02  4.04436749e-02 -2.84115256e-05],[ 0.00535873 -0.03744972 -0.00010453]
62.469649358780195,6.240127070983333,[-5.77115994e-02  3.84381375e-02 -2.63041220e-05],[ 0.00485441 -0.03390531 -0.00012148]
62.46964939824872,6.240126715219399,[-5.74128391e-02  3.70468883e-02 -2.38121940e-05],[ 0.00439889 -0.01835382 -0.00012848]
62.46964943402487,6.240126392443666,[-5.71292823e-02  3.57112778e-02 -1.96153235e-05],[ 3.98736710e-03 -1.66519633e-02 -9.31848274e-05]
62.46964946646433,6.240126195214558,[-5.68594095e-02  3.46307696e-02 -1.65533199e-05],[ 3.61548167e-03 -1.01750272e-02 -8.61240804e-05]
62.469649495890735,6.240126015673339,[-5.66017513e-02  3.35813280e-02 -1.32134155e-05],[ 3.27966589e-03 -9.26251104e-03 -7.20880629e-05]
62.46964944501657,6.240126079737725,[-5.67032473e-02  3.30466561e-02 -1.00305950e-05],[-5.67008649e-03  3.30507436e-03 -6.18841836e-05]
62.469649394051544,6.240126142774221,[-5.68041438e-02  3.25169415e-02 -7.18489657e-06],[-5.68021314e-03  3.25204567e-03 -5.98776816e-05]
62.46964934299645,6.240126204793081,[-5.69044421e-02  3.19920523e-02 -4.34911176e-06],[-5.69025264e-03  3.19954596e-03 -5.78836188e-05]
62.46964900176977,6.2401259234161515,[-5.83060292e-02  3.07400238e-02 -7.42112908e-07],[-3.80307971e-02 -1.45162040e-02 -3.66739151e-05]
62.469648693540606,6.240125572067301,[-5.95593373e-02  2.93265267e-02  2.39691744e-06],[-3.43531186e-02 -1.81260476e-02 -2.70373088e-05]
62.469648415130095,6.2401254447445,[-6.06783215e-02  2.83758990e-02  4.38783973e-06],[-3.10297359e-02 -6.56856903e-03 -4.55257164e-05]
62.46964836058653,6.24012549865413,[-6.07918059e-02  2.78091503e-02  7.13584525e-06],[-6.07905398e-03  2.78119179e-03 -4.48121318e-05]
62.469648305941746,6.240125551473695,[-6.09045702e-02  2.72468250e-02  9.88384038e-06],[-6.09033491e-03  2.72495542e-03 -4.38237478e-05]
62.46964806523911,6.240125039135464,[-6.18511664e-02  2.54831924e-02  1.28419979e-05],[-2.68270730e-02 -2.64314722e-02 -3.73881332e-05]
62.469647847851974,6.24012481417052,[-6.26921732e-02  2.43077577e-02  1.65700095e-05],[-2.42284873e-02 -1.16059164e-02 -1.18112135e-05]
62.46964765153422,6.240124657368544,[-6.34375261e-02  2.32686567e-02  1.93411884e-05],[-2.18802372e-02 -8.08939657e-03 -9.87709471e-06]
62.46964747425719,6.240124322750301,[-6.40962110e-02  2.18440681e-02  2.15735888e-05],[-1.97580878e-02 -1.72629182e-02 -2.09242891e-05]
62.4696473141875,6.240124066812146,[-6.46763812e-02  2.05714220e-02  2.31420354e-05],[-1.78402746e-02 -1.32038212e-02 -4.78283734e-05]
62.469647256049356,6.240124105423964,[-6.47977496e-02  1.99166950e-02  2.47968529e-05],[-6.47967969e-03  1.99197942e-03 -7.18765675e-05]
62.469647500272,6.240123771789449,[-6.35607198e-02  1.84728296e-02  2.75012866e-05],[ 2.72193897e-02 -1.72121677e-02 -6.94076409e-05]
62.469647721088975,6.240123468813779,[-6.24275401e-02  1.70777646e-02  3.08169379e-05],[ 2.46107545e-02 -1.56304812e-02 -5.16196750e-05]
62.46964766498006,6.240123500576392,[-6.25360055e-02  1.63830689e-02  3.44895356e-05],[-6.25351597e-03  1.63862970e-03 -2.50025676e-05]
62.46964748717211,6.2401235080369855,[-6.31895318e-02  1.56425482e-02  3.69995361e-05],[-1.98172605e-02  3.84891181e-04 -2.70818393e-05]
62.4696473266291,6.240123609080188,[-6.37644770e-02  1.51065031e-02  4.02345859e-05],[-1.78930272e-02  5.21280767e-03 -1.09520286e-05]
62.46964718168818,6.240123555305727,[-6.42682364e-02  1.42500034e-02  4.29100767e-05],[-1.61541256e-02 -2.77421852e-03 -8.50472387e-06]
62.46964705084718,6.2401235052643305,[-6.47075153e-02  1.34018220e-02  4.56592426e-05],[-1.45826451e-02 -2.58163016e-03 -3.93879961e-06]
62.46964693274849,6.240123841654047,[-6.50883831e-02  1.33800567e-02  4.84083287e-05],[-1.31624735e-02  1.73543087e-02  9.02033261e-07]
62.46964687424811,6.240123866305523,[-6.52005212e-02  1.27177280e-02  5.11573300e-05],[-6.52005327e-03  1.27176692e-03  6.01776627e-06]
62.46964715645079,6.240123686347368,[-6.37823318e-02  1.16232301e-02  5.49525920e-05],[ 3.14523848e-02 -9.28402143e-03  3.71588672e-05]
62.469647099128665,6.2401237075684906,[-6.38869264e-02  1.09503277e-02  5.71235294e-05],[-6.38873332e-03  1.09479537e-03  2.82055633e-05]
62.469647742949576,6.240123157043836,[-6.08436172e-02  9.06024797e-03  5.92180182e-05],[ 7.17558853e-02 -2.84015058e-02  1.78774855e-05]
62.46964832487116,6.240122705939704,[-5.80766162e-02  7.34904092e-03  6.23187046e-05],[ 6.48570092e-02 -2.32724117e-02  3.28417647e-05]
62.46964827269356,6.24012271873325,[-5.81533779e-02  6.60208589e-03  6.63687535e-05],[-5.81535947e-03  6.60017603e-04  7.13115412e-05]
62.46964822044731,6.240122730077449,[-5.82296818e-02  5.85661174e-03  6.90756776e-05],[-5.82300993e-03  5.85245928e-04  7.65122998e-05]
62.469648756783954,6.240122890154566,[-5.56635581e-02  5.43318810e-03  7.28115939e-05],[0.05977642 0.00825836 0.00010734]
62.46964924158402,6.2401227939485695,[-5.33262155e-02  4.47669846e-03  7.53843430e-05],[ 0.05403251 -0.00496326  0.00010947]
62.469649679816385,6.240122801299339,[-5.11949762e-02  3.73819892e-03  7.81736273e-05],[0.04884239 0.00037923 0.00011728]
62.469650075971074,6.240122806481816,[-4.92495434e-02  2.99897614e-03  8.05276757e-05],[0.0441527  0.00026736 0.00011467]
62.46965043410559,6.240122283010107,[-4.74717603e-02  1.13360342e-03  8.17301418e-05],[ 3.99152293e-02 -2.70058449e-02  8.41673730e-05]
62.469650757886406,6.240121999936986,[-4.58449691e-02 -2.52352073e-04  8.44833540e-05],[ 3.60864006e-02 -1.46037095e-02  9.27070757e-05]
62.469650716745534,6.24012199788405,[-4.58528968e-02 -1.05485632e-03  8.68027017e-05],[-4.58527988e-03 -1.05910720e-04  9.08466626e-05]
62.46965139662153,6.240121691273161,[-4.26247956e-02 -2.50510954e-03  8.96586256e-05],[ 0.07577434 -0.01581802  0.00010263]
62.46965201114919,6.2401216041207554,[-3.96833729e-02 -3.50442101e-03  9.22104063e-05],[ 0.06849106 -0.00449618  0.00010717]
62.46965197557148,6.240121595706245,[-3.96529560e-02 -4.33678679e-03  9.51609462e-05],[-0.00396525 -0.0004341   0.00012187]
62.46965215164131,6.240121323061138,[-3.86729565e-02 -5.72964163e-03  9.78004429e-05],[ 0.01962354 -0.01406573  0.00012911]
62.46965231091798,6.240120883527405,[-0.03776621 -0.00749297  0.00010033],[ 0.01775189 -0.02267549  0.00013392]
62.46965245502147,6.240120532532144,[-0.03692554 -0.00909147  0.0001029 ],[ 0.01606079 -0.0181078   0.00014022]
62.469652585415595,6.240120069991273,[-0.0361446  -0.01094548  0.00010524],[ 0.01453284 -0.02386243  0.00014112]
62.469652703422895,6.2401194108322935,[-0.03541761 -0.01324317  0.00010757],[ 0.01315229 -0.03400593  0.00014217]
62.46965267169757,6.240119383247761,[-0.03536091 -0.0142258   0.00011122],[-0.00353589 -0.00142308  0.00017618]
62.46965316476175,6.240118834491161,[-0.03294953 -0.01631492  0.00011492],[ 0.05495357 -0.02831029  0.00021134]
62.46965361049947,6.240118432486148,[-0.03074376 -0.01811548  0.00011817],[ 0.04967888 -0.02073939  0.00023527]
62.469654013476905,6.240118163080312,[-0.02872337 -0.01964678  0.00012019],[ 0.04491312 -0.01389861  0.00022912]
62.46965437781954,6.240117917738698,[-0.02687018 -0.02113129  0.0001215 ],[ 0.04060714 -0.01265714  0.00020602]
62.469654707255145,6.240117646259318,[-0.02516785 -0.02267388  0.00012274],[ 0.03671665 -0.01400559  0.00018202]
62.469655005152234,6.24011735115227,[-0.02360164 -0.02426987  0.0001239 ],[ 0.03320158 -0.01522454  0.00015687]
62.46965527455433,6.2401170825672585,[-0.02215827 -0.02581254  0.00012657],[ 0.03002572 -0.01385627  0.00016953]
62.46965551821225,6.24011674218378,[-0.02082586 -0.02750955  0.00012923],[ 0.02715645 -0.01756034  0.00018245]
62.469655738610584,6.240116767843676,[-0.01959348 -0.0284283   0.00013071],[0.0245641  0.00132379 0.00016666]
62.4696559379934,6.24011688493799,[-0.01845153 -0.02913404  0.00013223],[0.02222185 0.00604088 0.0001526 ]
62.46965611838894,6.240116749535371,[-0.01739137 -0.0303566   0.00013456],[ 0.02010566 -0.0069854   0.00015899]
62.469656281630236,6.240116433838694,[-0.01640512 -0.03195565  0.0001365 ],[ 0.01819376 -0.01628675  0.00015628]
62.46965642937258,6.240116050965913,[-0.01548562 -0.03369872  0.00013835],[ 0.01646635 -0.01975236  0.00015184]
62.46965656311167,6.2401159425517765,[-0.01462636 -0.03485825  0.00014016],[ 0.01490565 -0.00559307  0.00014673]
62.46965668419887,6.240115842791832,[-0.01382164 -0.03598683  0.00014157],[ 0.01349555 -0.0051466   0.00013259]
62.46965667198901,6.240115770986856,[-0.01361319 -0.03704229  0.00014279],[-0.00136083 -0.00370441  0.00011456]
62.46965678305713,6.240116115198643,[-0.01285248 -0.03719365  0.00014503],[0.01237889 0.01775784 0.00012223]
62.46965688366069,6.240116328858123,[-0.01213699 -0.03758763  0.00014772],[0.01121259 0.01102267 0.00014143]
62.46965687297091,6.240116254094573,[-0.01191955 -0.03856874  0.00015034],[-0.00119141 -0.00385704  0.00015897]
62.469656965388964,6.240117025799426,[-0.01124023 -0.03772642  0.00015228],[0.01030029 0.03981216 0.00016002]
62.46965704914096,6.240117721763544,[-0.01059846 -0.0369889   0.00015479],[0.00933443 0.0359047  0.0001755 ]
62.46965712506349,6.240118157850839,[-0.00999075 -0.0367544   0.00015729],[0.00846181 0.02249769 0.00019123]
62.46965719391189,6.240118742207266,[-0.00941374 -0.03616468  0.0001598 ],[0.00767337 0.03014687 0.00020721]
62.46965725636856,6.2401193170031695,[-0.00886461 -0.03555     0.0001623 ],[0.006961   0.02965365 0.00022344]
62.469657248632544,6.240119246695432,[-0.00863015 -0.03626974  0.00016362],[-0.0008622  -0.00362717  0.0002108 ]
62.469656923288525,6.240119722852293,[-0.00982207 -0.03581111  0.00016486],[-0.03626062  0.02456487  0.00019678]
62.46965662952783,6.240120247926747,[-0.01088146 -0.03520958  0.00016718],[-0.03274056  0.02708852  0.00021016]
62.46965636430053,6.240120721524047,[-0.01182101 -0.0346777   0.00016919],[-0.02956043  0.02443283  0.00021617]
62.46965635387741,6.24012065315834,[-0.01162452 -0.03526727  0.00017054],[-0.00116169 -0.00352698  0.00020648]
62.469656498661664,6.240120990275258,[-0.01073229 -0.03498221  0.00017274],[0.01613666 0.01739182 0.00021819]
62.469656629715544,6.240121006859814,[-0.00989905 -0.03535289  0.00017446],[0.01460637 0.0008556  0.00021858]
62.469656748363974,6.240121404138117,[-0.00911885 -0.03489778  0.00017688],[0.01322375 0.02049554 0.00023675]
62.469656855804885,6.24012171458918,[-0.00838681 -0.03459635  0.00017843],[0.01197463 0.01601613 0.00023364]
62.469656953119284,6.24012180297711,[-0.00769844 -0.03474262  0.00018005],[0.010846   0.00455992 0.00023289]
62.469657041284506,6.240121977998068,[-0.00704943 -0.03468892  0.00018309],[0.00982629 0.00902931 0.00026753]
62.46965712118458,6.240122135585746,[-0.0064361  -0.03465334  0.00018548],[0.00890512 0.00812993 0.00028608]
62.46965719361654,6.240121942278877,[-0.00585528 -0.03534974  0.00018686],[ 0.00807277 -0.00997268  0.00028027]
62.46965725930016,6.240121767026792,[-0.00530373 -0.03600816  0.00018768],[ 0.00732065 -0.00904123  0.00026097]
62.46965731888602,6.240121799621158,[-0.00477858 -0.03622178  0.00018749],[0.00664103 0.00168154 0.00021797]
62.4696573148211,6.240121728587263,[-0.00453848 -0.03664531  0.00018978],[-0.00045305 -0.00366463  0.00023695]
62.46965698650871,6.240121476543609,[-0.00575482 -0.03744933  0.00019148],[-0.03659146 -0.0130029   0.00024184]
62.46965698155544,6.240121403125225,[-0.00552974 -0.03787511  0.00019204],[-0.00055206 -0.00378765  0.00021914]
62.469657068813206,6.240121229257163,[-0.00489188 -0.03850946  0.00019428],[ 0.00972516 -0.00896983  0.00023857]
62.46965714788668,6.240121071615874,[-0.00428928 -0.03910797  0.00019652],[ 0.00881299 -0.00813269  0.00025822]
62.46965721956563,6.2401213117003005,[-0.00371841 -0.03885428  0.00019791],[0.00798885 0.01238592 0.00025706]
62.46965728456284,6.240121623977745,[-0.00317642 -0.03842414  0.00019847],[0.00724415 0.01611035 0.0002363 ]
62.469657343522286,6.240121905784641,[-0.00266067 -0.0380337   0.00019992],[0.00657122 0.01453838 0.0002382 ]
62.46965739702718,6.240122064335359,[-0.00216876 -0.0378832   0.00020118],[0.00596329 0.00817961 0.00023594]
62.46965739530876,6.2401219902638525,[-0.00192426 -0.03821294  0.00020248],[-0.00019152 -0.00382134  0.00023499]
62.469657827289055,6.240122331553459,[ 0.00026591 -0.03765059  0.00020493],[0.04814558 0.01760709 0.00026313]
62.46965821788106,6.240122831246229,[ 0.00228211 -0.03672392  0.00020725],[0.04353272 0.02577909 0.00028811]
62.46965857108211,6.240123330514035,[ 0.00414077 -0.03576463  0.00020851],[0.03936538 0.02575716 0.00028718]
62.46965889050216,6.240123733698009,[ 0.00585642 -0.03497753  0.0002095 ],[0.03560038 0.02080021 0.00028025]
62.469658896047264,6.240123665529734,[ 0.00617034 -0.03516965  0.00021113],[ 0.00061802 -0.00351679  0.0002897 ]
62.46965880166084,6.240124275701678,[ 0.0060347  -0.03390922  0.00021242],[-0.01051967  0.03147869  0.00029096]
62.46965871662499,6.240124779248341,[ 0.00593682 -0.03283838  0.00021225],[-0.00947752  0.02597791  0.00025712]
62.469658640034154,6.240125234377651,[ 0.0058729  -0.03183871  0.00021429],[-0.00853629  0.02348006  0.00027854]
62.469658571072884,6.240125789454151,[ 0.00583968 -0.03059604  0.00021483],[-0.00768595  0.02863632  0.00026327]
62.46965850900189,6.240126291278079,[ 0.00583393 -0.02943255  0.00021562],[-0.00691801  0.02588903  0.0002549 ]
62.46965845315454,6.240126553508322,[ 0.00585279 -0.02874968  0.00021717],[-0.00622436  0.01352842  0.00026589]
62.469658402928886,6.240126838652493,[ 0.00589388 -0.02800003  0.00021824],[-0.00559781  0.01471055  0.00026554]
62.46965835778036,6.240127192423753,[ 0.00595494 -0.0270848   0.00021966],[-0.00503195  0.01825101  0.0002743 ]
62.46965831721751,6.240127751906719,[ 0.006034   -0.0257073   0.00022023],[-0.00452086  0.02886365  0.00026276]
62.46965828079564,6.240128018546185,[ 0.00612891 -0.02492134  0.00022169],[-0.00405933  0.0137559   0.00027346]
62.46965824811403,6.24012825997409,[ 0.00623814 -0.02417215  0.00022262],[-0.00364247  0.01245523  0.00027184]
62.469658218809855,6.240128526529316,[ 0.00636021 -0.02335376  0.00022315],[-0.00326604  0.01375155  0.00026079]
62.46965819255546,6.240128815825928,[ 0.00649371 -0.02246989  0.0002237 ],[-0.00292614  0.01492477  0.0002509 ]
62.46965816905502,6.2401290778281036,[ 0.0066374  -0.02162625  0.00022526],[-0.0026192   0.01351666  0.00026641]
62.469658175262,6.240129036321609,[ 0.00691216 -0.02141499  0.00022674],[ 0.00069179 -0.00214131  0.00028052]
62.46965818171556,6.240128995222476,[ 0.00718674 -0.02120501  0.00022853],[ 0.00071927 -0.0021203   0.00030255]
62.46965815992429,6.2401286671119465,[ 0.00733306 -0.02161053  0.00023036],[-0.00242871 -0.01692718  0.00032558]
62.46965814045147,6.240128706296741,[ 0.00748795 -0.02125052  0.00023091],[-0.00217031  0.00202154  0.00031738]
62.46965812307127,6.240128838017446,[ 0.0076503  -0.02068975  0.00023054],[-0.00193708  0.00679545  0.0002873 ]
62.4696581075799,6.2401293406757565,[ 0.00781939 -0.01932762  0.00023109],[-0.00172656  0.02593208  0.00028089]
62.469658093794095,6.24012969980702,[ 0.00799416 -0.01824102  0.00023154],[-0.00153647  0.01852754  0.00027239]
62.4696580815478,6.240129977151999,[ 0.00817393 -0.01730694  0.00023152],[-0.00136489  0.01430819  0.0002534 ]
62.469658070690876,6.240130228498321,[ 0.0083581  -0.01641131  0.00023181],[-0.00121004  0.01296692  0.00024263]
62.46965807843199,6.240130197286551,[ 0.00862381 -0.0161042   0.00023231],[ 0.00086277 -0.00161021  0.00023756]
62.469657685277824,6.240130093719097,[ 0.00708891 -0.01595395  0.00023393],[-0.04381828 -0.00534303  0.00026095]
62.46965733020504,6.240130383886098,[ 0.00571342 -0.01496945  0.00023556],[-0.03957399  0.01496968  0.00028451]
62.46965700953429,6.2401305032201755,[ 0.00448142 -0.01433213  0.00023588],[-0.03573977  0.00615643  0.00027628]
62.46965671994117,6.24013061182435,[ 0.00337894 -0.0137109   0.00023488],[-0.03227607  0.00560288  0.00023611]
62.46965645842238,6.2401308065074,[ 0.00239335 -0.01289961  0.00023476],[-0.0291471   0.01004367  0.00021849]
62.4696562222654,6.240131079006725,[ 0.00151323 -0.01191033  0.00023467],[-0.02632045  0.01405821  0.00020262]
62.46965600901947,6.240131278218557,[ 0.00072824 -0.01106089  0.00023615],[-0.02376694  0.01027731  0.00022617]
62.469656009826316,6.240131257537168,[ 0.00089685 -0.01066971  0.00023816],[ 8.99261424e-05 -1.06695028e-03  2.62860368e-04]
62.46965620036039,6.2401315370181605,[ 0.00191645 -0.00964005  0.00023913],[0.02123563 0.01441839 0.00027401]
62.46965637268672,6.240131503180797,[ 0.00285896 -0.00926268  0.00024073],[ 0.01920632 -0.00174567  0.00030102]
62.46965652856365,6.240131473468881,[ 0.00373176 -0.00888037  0.00024193],[ 0.01737298 -0.00153283  0.0003182 ]
62.469656532087086,6.240131457047465,[ 0.00392429 -0.00847304  0.00024138],[ 0.0003927  -0.00084718  0.00029261]
62.46965628990927,6.240131864432247,[ 0.00301348 -0.00716224  0.0002417 ],[-0.02699149  0.02101693  0.00028941]
62.46965607121929,6.240131802572492,[ 0.00220006 -0.00682799  0.00024254],[-0.02437369 -0.00319134  0.00029934]
62.46965607334805,6.240131790179296,[ 0.00237065 -0.00639434  0.00024218],[ 0.00023726 -0.00063936  0.00028029]
62.4696560756296,6.240131778625157,[ 0.0025412  -0.00596148  0.00024179],[ 0.00025429 -0.00059608  0.00026134]
62.4696558780206,6.240132445928177,[ 0.00181424 -0.00408001  0.0002423 ],[-0.02202415  0.03442608  0.00026529]
62.46965569959126,6.240132954208701,[ 0.00116683 -0.00249333  0.00024249],[-0.01988652  0.02622213  0.00026174]
62.469655538488055,6.240133366722171,[ 0.00059123 -0.00107717  0.00024267],[-0.01795546  0.02128152  0.00025856]
62.469655393036575,6.2401337406223965,[8.04716093e-05 2.83957480e-04 2.41700320e-04],[-0.01621103  0.01928947  0.00022776]
62.46965526172421,6.24013364873585,[-0.00037198  0.00067445  0.00024293],[-0.01463518 -0.00474042  0.00025205]
62.46965514318448,6.240133566817864,[-0.00077155  0.00107691  0.00024417],[-0.01321163 -0.00422614  0.00027647]
62.46965514260475,6.240133570020637,[-0.00064567  0.00165249  0.00024404],[-6.46130177e-05  1.65230685e-04  2.67617445e-04]
62.46965541878632,6.2401334500064065,[0.00072176 0.00196177 0.00024318],[ 0.03078131 -0.00619152  0.00024125]
62.469655668476804,6.2401333426236025,[0.00197796 0.00228651 0.00024434],[ 0.0278288  -0.00553987  0.00026569]
62.46965589423483,6.240133007225207,[0.00313327 0.00211317 0.00024478],[ 0.02516145 -0.01730316  0.00027226]
62.46965609837176,6.240132417824217,[0.00419713 0.00136989 0.00024487],[ 0.02275171 -0.03040712  0.00027068]
62.46965628297547,6.2401320297204945,[0.00517835 0.00101161 0.00024494],[ 0.02057467 -0.02002222  0.00026926]
62.46965628778167,6.240132032550619,[0.00535704 0.00145862 0.00024527],[0.00053566 0.00014601 0.00027464]
62.46965607140366,6.2401323057117395,[0.00454236 0.00248165 0.00024509],[-0.02411602  0.01409235  0.00026808]
62.46965587601059,6.240132553467509,[0.00381497 0.00346764 0.00024553],[-0.02177718  0.01278169  0.00027722]
62.469655699574616,6.240132969820844,[0.00316648 0.00482887 0.00024557],[-0.01966435  0.02147962  0.00027672]
62.469655540263844,6.2401332513017636,[0.00258902 0.00592808 0.00024643],[-0.01775569  0.01452157  0.00029704]
62.469655396423235,6.240133506687966,[0.00207575 0.00698751 0.00024613],[-0.01603149  0.01317534  0.00028901]
62.4696552665579,6.240133738517575,[0.00162039 0.00801019 0.00024565],[-0.0144739   0.01196006  0.00027706]
62.46965514931726,6.240133949080297,[0.00121729 0.00899882 0.00024568],[-0.01306684  0.0108629   0.0002784 ]
62.46965515051866,6.240133967663057,[0.00134167 0.00958645 0.00024592],[0.0001339  0.00095868 0.00028532]
62.46965542768534,6.240134110412463,[0.00270418 0.01043514 0.00024611],[0.03089111 0.00736442 0.00029156]
62.46965567825711,6.24013424048842,[0.00395473 0.01126097 0.00024671],[0.02792702 0.0067106  0.00030804]
62.46965590480232,6.2401344069988,[0.00510385 0.01216766 0.0002469 ],[0.02524918 0.00859025 0.00031488]
62.46965610964122,6.240134558564252,[0.00616102 0.01304747 0.00024753],[0.02282995 0.00781924 0.00033275]
62.46965629486954,6.240134648748486,[0.00713482 0.01379975 0.0002472 ],[0.02064428 0.00465259 0.00032721]
62.46965646238082,6.240134683458157,[0.00803305 0.0144328  0.00024808],[0.01866966 0.00179067 0.00035202]
62.46965661388495,6.240134715906688,[0.0088628  0.01505646 0.00024896],[0.01688562 0.00167402 0.00037692]
62.469656622001295,6.240134746289505,[0.00905183 0.01567105 0.00024984],[0.00090459 0.00156745 0.0004019 ]
62.469657141409286,6.240134487528463,[0.01153443 0.01566154 0.00025028],[ 0.05788967 -0.01334945  0.00041609]
62.46965761091336,6.2401340152783815,[0.01380461 0.01517209 0.00025   ],[ 0.05232772 -0.02436332  0.00041303]
62.46965803533136,6.240133924601039,[0.01588255 0.01546109 0.0002498 ],[ 0.04730274 -0.00467803  0.00041225]
62.46965804979679,6.240133955625075,[0.01612877 0.01599861 0.0002486 ],[0.00161222 0.00160053 0.00038741]
62.469658815260956,6.24013377675064,[0.019744   0.01608165 0.00024746],[ 0.08531341 -0.00922811  0.00036495]
62.46965883321734,6.2401338089399285,[0.02001902 0.01659911 0.00024693],[0.0020013  0.00166064 0.00035819]
62.46965914052704,6.240133310747366,[0.02159063 0.01597806 0.00024765],[ 0.03425064 -0.02570169  0.00038296]
62.46965941840085,6.240132861300322,[0.02303421 0.01542303 0.00024838],[ 0.03096992 -0.02318691  0.00040779]
62.46965966967811,6.240132455839219,[0.02436161 0.0149273  0.00024758],[ 0.02800565 -0.02091768  0.00039513]
62.469659896924355,6.240132233713206,[0.0255837  0.01479188 0.0002474 ],[ 0.02532732 -0.01145945  0.00039845]
62.46966010245657,6.2401322251200435,[0.0267102  0.01509335 0.00024692],[ 0.02290722 -0.00044332  0.00039477]
62.4696601266982,6.240132255131202,[0.02702418 0.01547205 0.00024722],[0.00270181 0.00154827 0.00041081]
62.46966069346854,6.240132532988269,[0.02977117 0.01637624 0.000246  ],[0.06316835 0.01433461 0.00038957]
62.469661205813395,6.240132880493415,[0.03228066 0.01744192 0.00024487],[0.05710246 0.01792774 0.00037135]
62.469661668981715,6.240133338856641,[0.03457449 0.01876105 0.00024299],[0.05162158 0.0236469  0.00033555]
62.46966208771568,6.240133753803771,[0.03667232 0.02001017 0.00024252],[0.04666923 0.02140707 0.00033513]
62.46966212094499,6.240133793519633,[0.03704199 0.02047695 0.00024153],[0.00370351 0.00204894 0.0003225 ]
62.469662113509855,6.24013421406224,[0.03722649 0.02175318 0.00023943],[-0.00082867  0.02169574  0.00028321]
62.46966210698477,6.240134690657005,[0.03741166 0.02316763 0.00023861],[-0.00072724  0.02458746  0.00027643]
62.469662101278374,6.240135217951497,[0.03759713 0.02471128 0.00023735],[-0.000636    0.02720305  0.00025933]
62.469662096308994,6.240135695345045,[0.03778251 0.0261711  0.00023664],[-0.00055385  0.02462867  0.00025646]
62.46966209200228,6.240136031914296,[0.03796745 0.02734869 0.0002362 ],[-0.00048     0.01736356  0.00026062]
62.46966208829123,6.240136336998007,[0.03815174 0.0284687  0.00023654],[-0.00041361  0.01573923  0.00028427]
62.46966212283132,6.240136393356444,[0.03850429 0.0290643  0.00023458],[0.0038496  0.00290752 0.00025162]
62.46966215768717,6.240136450857961,[0.03885542 0.02965518 0.00023488],[0.0038848  0.0029665  0.00027511]
62.46966214817202,6.240137197170736,[0.03900498 0.03171099 0.00023426],[-0.00106049  0.03850217  0.00027612]
62.469662139743406,6.240137872602446,[0.03915604 0.03364564 0.00023382],[-0.0009394   0.03484543  0.00028202]
62.46966213229351,6.240138819198736,[0.03930836 0.03618448 0.00023358],[-0.00083032  0.04883477  0.00029317]
62.46966212572484,6.240139867284552,[0.03946144 0.03897723 0.00023272],[-0.0007321   0.0540706   0.00028926]
62.46966211995007,6.2401406719917825,[0.03961468 0.04128915 0.0002321 ],[-0.00064362  0.04151474  0.00029165]
62.46966211488955,6.240141496205305,[0.03976791 0.04366709 0.00023267],[-0.00056401  0.04252106  0.00032366]
62.469662110470395,6.240142242330342,[0.03992084 0.04590109 0.00023181],[-0.00049253  0.03849249  0.00032037]
62.46966210662934,6.24014272638559,[0.04007301 0.04759207 0.00023032],[-0.0004281   0.02497234  0.00030184]
62.46966210330851,6.240143165130509,[0.04022431 0.04918958 0.00022873],[-0.00037012  0.02263479  0.00028172]
62.46966210045504,6.240143562926844,[0.04037453 0.05069982 0.0002276 ],[-0.00031803  0.02052226  0.00027356]
62.469662098020606,6.240143875830145,[0.04052347 0.05202613 0.00022639],[-0.00027133  0.01614264  0.0002639 ]
62.46966209596212,6.240144255644575,[0.04067103 0.05348855 0.00022558],[-0.00022943  0.01959457  0.00026472]
62.46966209424011,6.240144504392881,[0.04081698 0.05466615 0.00022469],[-0.00019192  0.01283289  0.00026372]
62.46966209281949,6.2401447304340465,[0.04096121 0.05578446 0.00022332],[-0.00015833  0.01166143  0.00025126]
62.46966209166909,6.240144696519074,[0.04110349 0.05633517 0.00022279],[-0.00012822 -0.00174967  0.00026007]
62.4696620907591,6.240144571274259,[0.0412438  0.05666809 0.00022169],[-0.00010142 -0.00646136  0.0002552 ]
62.469662090064375,6.240144076146648,[0.04138189 0.05618458 0.00022094],[-7.74301841e-05 -2.55435662e-02  2.59301361e-04]
62.46966208956104,6.240143533954818,[0.04151785 0.05556037 0.00021932],[-5.60985405e-05 -2.79716029e-02  2.42159930e-04]
62.469662089229075,6.2401430449112985,[0.04165166 0.05500859 0.00021926],[-3.69983099e-05 -2.52296888e-02  2.64085921e-04]
62.46966208904739,6.240142412300598,[0.04178313 0.05411169 0.0002186 ],[-2.02485317e-05 -3.26363002e-02  2.71143929e-04]
62.46966208899964,6.240141649856277,[0.04191221 0.05289393 0.000218  ],[-5.32083833e-06 -3.93343990e-02  2.80047059e-04]
62.46966208907025,6.2401408657463975,[0.04203891 0.05158182 0.00021707],[ 7.87036512e-06 -4.04521223e-02  2.81062296e-04]
62.46966212704017,6.240140966783799,[0.04233334 0.05211316 0.00021613],[0.00423187 0.00521251 0.00028188]
62.46966212366603,6.240140536925379,[0.04243942 0.05150008 0.00021601],[-0.00037606 -0.02217634  0.00030348]
62.4696621207228,6.2401399095669765,[0.04254442 0.05043264 0.0002159 ],[-0.00032803 -0.03236533  0.00032507]
62.46966211816641,6.240139343051387,[0.04264831 0.04945508 0.00021462],[-0.00028492 -0.02922646  0.00031808]
62.469662156674275,6.240139439720792,[0.0429341  0.04985796 0.00021449],[0.00429182 0.00498716 0.00033952]
62.46966219543634,6.240139537162277,[0.04321862 0.05025526 0.0002121 ],[0.00432016 0.00502699 0.00030563]
62.46966180296769,6.240139438534639,[0.04156516 0.05022702 0.00021014],[-0.04374188 -0.00508819  0.00028289]
62.4696618404908,6.240139536644868,[0.04183502 0.0506031  0.00020992],[0.00418207 0.00506149 0.00030388]
62.46966186541782,6.240139390819617,[0.04204594 0.05045102 0.00020971],[ 0.00277819 -0.00752311  0.00032485]
62.46966188802901,6.24013921142763,[0.04224405 0.0502099  0.00020736],[ 0.00252009 -0.00925481  0.00029333]
62.46966190854775,6.240139145306114,[0.04243045 0.05019252 0.0002051 ],[ 0.00228688 -0.0034112   0.00026474]
62.46966192717336,6.2401390857626975,[0.04260595 0.05017612 0.00020359],[ 0.00207588 -0.00307184  0.00025544]
62.469661944085225,6.2401389842592145,[0.0427713  0.05005746 0.00020168],[ 0.00188488 -0.00523655  0.00023664]
62.46966195944671,6.240139227862854,[0.04292743 0.05066222 0.00020104],[0.00171209 0.01256748 0.0002496 ]
62.469661973403575,6.240139591831269,[0.0430749  0.05152524 0.00020069],[0.00155554 0.01877708 0.00026967]
62.46966198608864,6.240140160354896,[0.04321436 0.05283135 0.00019846],[0.00141379 0.02933006 0.00024369]
62.469661997624414,6.240141057413848,[0.04334636 0.05485371 0.00019719],[0.0012857  0.04627915 0.00024181]
62.4696620081183,6.240142155674079,[0.04347134 0.05733259 0.00019591],[0.00116958 0.0566591  0.00024   ]
62.46966201766851,6.240143196421442,[0.04358963 0.05972096 0.00019442],[0.0010644  0.05369202 0.00023345]
62.46966202636406,6.240144137362904,[0.04370159 0.06192351 0.00019294],[0.00096915 0.04854304 0.00022742]
62.46966203428509,6.240144988146888,[0.0438076  0.06395467 0.00019197],[0.00088282 0.04389183 0.00023439]
62.46966204150333,6.240145853247922,[0.04390808 0.06603239 0.00019025],[0.0008045  0.04463045 0.00022294]
62.46966208110406,6.240145982268175,[0.04415112 0.06655153 0.00018975],[0.00441363 0.00665614 0.00024191]
62.469661700913804,6.240146369548078,[0.04250813 0.06761141 0.0001891 ],[-0.04237341  0.01997972  0.00025703]
62.46966135740958,6.240146863642745,[0.04102383 0.06889656 0.00018859],[-0.03828464  0.02549028  0.00027589]
62.46966104705082,6.240147597917206,[0.03968266 0.07069507 0.00018719],[-0.03459047  0.03788112  0.00027264]
62.469661082823364,6.240147736000018,[0.03988906 0.07122587 0.00018609],[0.00398696 0.00712367 0.0002769 ]
62.46966111877994,6.240147875091856,[0.04009462 0.07174619 0.00018509],[0.00400747 0.00717573 0.00028407]
62.46966083153427,6.240148321783721,[0.0388481  0.07291191 0.00018349],[-0.03201444  0.02304477  0.00027651]
62.46966057200177,6.240148342825707,[0.0377204  0.07316483 0.00018231],[-0.02892572  0.00108555  0.00027949]
62.46966033750677,6.240148362215346,[0.03670004 0.07339811 0.00018174],[-0.02613521  0.00100031  0.00029767]
62.46966012563132,6.240148523728257,[0.03577653 0.07391933 0.00018116],[-0.02361419  0.00833243  0.00031578]
62.469660157860645,6.24014866794906,[0.0359441  0.07439197 0.00018059],[0.00359206 0.00744033 0.00033384]
62.46965958032146,6.240148513360802,[0.03337345 0.07421525 0.00018002],[-0.06436858 -0.00797519  0.00035184]
62.46965905844419,6.240148230265718,[0.03104302 0.07374369 0.00017856],[-0.05816488 -0.01460484  0.000348  ]
62.46965908638919,6.240148374036221,[0.0311714  0.07416017 0.0001774 ],[0.00311456 0.0074171  0.00035193]
62.46965899512412,6.240147865346979,[0.03076334 0.07317213 0.0001768 ],[-0.01017178 -0.02624321  0.00036961]
62.46965902281262,6.240148007929193,[0.03088691 0.07354657 0.0001762 ],[0.00308597 0.0073558  0.00038723]
62.46965855465714,6.240147486853649,[0.02878364 0.07249433 0.00017435],[-0.05217742 -0.02688222  0.00037402]
62.46965813160513,6.240146776585633,[0.02687398 0.07100889 0.00017234],[-0.04715049 -0.03664264  0.00035746]
62.469658155775306,6.240146914813823,[0.02696392 0.07130211 0.00016981],[0.00269384 0.00713117 0.00032832]
62.46965815414089,6.240146403229976,[0.02693698 0.07019959 0.0001674 ],[-0.00018216 -0.02639254  0.00030295]
62.46965815264728,6.24014594081729,[0.02690966 0.06917507 0.00016621],[-0.00016647 -0.02385581  0.00030801]
62.469658151278054,6.24014566644184,[0.02688197 0.0685274  0.00016498],[-0.0001526  -0.01415499  0.00031244]
62.469658175455635,6.240145799686676,[0.02696817 0.06873242 0.00016313],[0.00269467 0.00687408 0.00030148]
62.4696585548602,6.240146017396719,[0.02864813 0.06911273 0.00016237],[0.04228584 0.01123163 0.00031771]
62.469658897688035,6.2401462139835076,[0.03016926 0.06944595 0.0001616 ],[0.03820925 0.01014189 0.00033387]
62.46965920746763,6.240146487239226,[0.0315465  0.06994036 0.0001591 ],[0.03452592 0.01409723 0.00030716]
62.46965948738943,6.240146638252632,[0.03279316 0.07017333 0.00015674],[0.03119817 0.00779076 0.00028451]
62.469659740332844,6.240146726664288,[0.0339215  0.07026831 0.00015534],[0.02819135 0.00456115 0.00028581]
62.46965996889803,6.240146614843257,[0.03494253 0.0699292  0.00015281],[ 0.02547432 -0.00576883  0.0002597 ]
62.46966000035745,6.240146750754789,[0.03508074 0.07010747 0.00015194],[0.00350625 0.00701166 0.0002749 ]
62.46966003193944,6.240146887006242,[0.03521845 0.07028227 0.00015107],[0.00351991 0.00702919 0.00029001]
62.469660063643545,6.240147023590991,[0.03535566 0.07045364 0.00014789],[0.00353352 0.00704639 0.00024839]
62.469660095472875,6.240147160498705,[0.03549235 0.0706217  0.00014482],[0.00354748 0.00706305 0.00020992]
62.469660289798014,6.240147676090573,[0.03635743 0.07159499 0.00014386],[0.02165815 0.02659932 0.00022431]
62.469660465391215,6.240147950291427,[0.03713939 0.07206016 0.00014125],[0.01957042 0.01414599 0.00019785]
62.46966049883096,6.240148090330599,[0.03728396 0.07223865 0.00013941],[0.00372697 0.0072246  0.00019102]
62.469660532400326,6.240148230708377,[0.03742795 0.07241356 0.00013637],[0.00374141 0.00724207 0.00015487]
62.469660684602516,6.24014821137832,[0.03810318 0.07224286 0.00013274],[ 0.01696342 -0.00099724  0.00010485]
62.469660822134756,6.2401481936361485,[0.03871285 0.07206666 0.00013072],[ 1.53284056e-02 -9.15316255e-04  9.51953524e-05]
62.46966094640807,6.240148273079247,[0.03926306 0.07208948 0.00013023],[0.01385066 0.00409846 0.0001236 ]
62.46966098176382,6.240148413109026,[0.03941404 0.0722363  0.00012902],[0.00394051 0.00722412 0.00013381]
62.46966147364968,6.240148470829161,[0.04161275 0.07220338 0.00012696],[0.05482224 0.00297777 0.00012308]
62.46966151112443,6.240148611062629,[0.0417757  0.07234112 0.00012598],[0.00417668 0.00723463 0.00013908]
62.46966156897737,6.240148936384478,[0.0420288  0.07287108 0.00012543],[0.00644789 0.01678331 0.00016569]
62.469661621246786,6.2401492300770025,[0.0422557  0.07333571 0.00012426],[0.00582559 0.01515156 0.0001766 ]
62.469661659293735,6.240149372519131,[0.04241751 0.07347821 0.00012302],[0.00424045 0.00734857 0.00018562]
62.469662085853535,6.240149671477708,[0.04432171 0.0739514  0.00012165],[0.04754144 0.01542323 0.00019149]
62.469662471301916,6.240150037104713,[0.04604372 0.07456827 0.00012025],[0.04295945 0.01886265 0.00019664]
62.46966281960178,6.240150462988569,[0.0476005  0.07531688 0.00011918],[0.03881913 0.02197129 0.00020978]
62.469662862464006,6.240150609301472,[0.04778714 0.0754726  0.00011777],[0.00477713 0.00754826 0.00021443]
62.46966279004586,6.240150452788213,[0.04745457 0.07497733 0.00011731],[-0.00807123 -0.0080745   0.00024251]
62.469662832770695,6.240150598411298,[0.0476364  0.0751152  0.00011587],[0.00476182 0.00751267 0.00024621]
62.46966287565759,6.240150744296472,[0.04781733 0.07525019 0.00011348],[0.00477988 0.0075262  0.00022633]
62.46966280193598,6.240150238583692,[0.04747297 0.07398933 0.00011234],[-0.00821651 -0.02608965  0.0002377 ]
62.469662844672754,6.240150382227017,[0.0476491  0.07409407 0.00011116],[0.00476315 0.00741054 0.00024782]
62.469663156917846,6.240149431754611,[0.04903269 0.07185751 0.00010845],[ 0.03480071 -0.04903474  0.0002204 ]
62.469663439061165,6.240148572301166,[0.05028159 0.0697804  0.00010602],[ 0.03144577 -0.04433908  0.00020016]
62.46966369400275,6.24014731622225,[0.05140815 0.0668232  0.00010347],[ 0.02841405 -0.06480094  0.00017744]
62.46966392436344,6.240145893134394,[0.0524239  0.06346335 0.00010224],[ 0.02567443 -0.0734169   0.00018767]
62.46966413250922,6.24014460630652,[0.05333917 0.06034208 0.00010059],[ 0.02319851 -0.06638727  0.0001873 ]
62.469664320580435,6.240143442526292,[5.41633525e-02 5.74347911e-02 9.80859194e-05],[ 0.02096113 -0.06003926  0.00016605]
62.469664490511406,6.240142389859086,[5.49049628e-02 5.47196177e-02 9.56459978e-05],[ 0.01893935 -0.05430695  0.00014668]
62.46966464404876,6.240140958707509,[5.55715102e-02 5.11536923e-02 9.43332643e-05],[ 0.01711223 -0.07383291  0.00015536]
62.46966478276947,6.240139903622659,[5.61701054e-02 4.83327015e-02 9.23998071e-05],[ 0.01546086 -0.05443168  0.00014866]
62.469664908100455,6.240138853144142,[5.67069631e-02 4.54776472e-02 9.08794297e-05],[ 0.01396854 -0.05419404  0.00015223]
62.46966495915527,6.240138940405875,[5.69090636e-02 4.50095426e-02 8.89398534e-05],[0.00569022 0.00450182 0.00014544]
62.46966468442717,6.240137836463056,[5.56466390e-02 4.20035657e-02 8.74024738e-05],[-0.03061932 -0.05695226  0.00014866]
62.46966443614318,6.24013640648909,[5.44996947e-02 3.82519596e-02 8.48206283e-05],[-0.02767204 -0.07377216  0.00012613]
62.46966421175323,6.240134873262748,[5.34569679e-02 3.42132153e-02 8.32659860e-05],[-0.02500897 -0.07909893  0.00012922]
62.46966400895131,6.240133102934583,[5.25080476e-02 2.95934434e-02 8.12424536e-05],[-0.02260292 -0.09133098  0.00012072]
62.46966382565486,6.240131357560504,[5.16437725e-02 2.49366693e-02 7.94223756e-05],[-0.02042897 -0.09004361  0.00011735]
62.46966365998159,6.24012992185049,[5.08558280e-02 2.08486868e-02 7.75970435e-05],[-0.01846481 -0.07406808  0.00011389]
62.469663510230816,6.240128765844693,[5.01366615e-02 1.72799807e-02 7.62207521e-05],[-0.0166902  -0.05963818  0.00012151]
62.46966337486566,6.240127718849815,[4.94793997e-02 1.38800759e-02 7.37405403e-05],[-0.01508688 -0.05401432  0.00010183]
62.46966325249794,6.2401265308440035,[4.88779216e-02 1.01192605e-02 7.23427934e-05],[-0.01363827 -0.06128906  0.00010906]
62.469663296480405,6.2401265480340165,[4.90208235e-02 8.86295773e-03 7.04522232e-05],[0.00490199 0.00088683 0.00010402]
62.4696635645789,6.240125180417117,[5.01679858e-02 4.65538148e-03 6.84811833e-05],[ 2.98804308e-02 -7.05551668e-02  9.70547954e-05]
62.46966360972309,6.240125186816722,[5.03149551e-02 3.29666434e-03 6.74082643e-05],[0.00503146 0.00033015 0.00011226]
62.469663464523855,6.240123561840494,[ 4.96058920e-02 -1.54150241e-03  6.59968620e-05],[-0.01618291 -0.0838323   0.00011886]
62.46966333326269,6.240122090404281,[ 4.89568375e-02 -6.16297802e-03  6.43697194e-05],[-0.01462947 -0.07591119  0.00012001]
62.46966321459429,6.2401205660134105,[ 4.83618208e-02 -1.09935379e-02  6.29542169e-05],[-0.01322597 -0.07864312  0.0001263 ]
62.469663107303155,6.240119185114661,[ 4.78155143e-02 -1.56095073e-02  6.15387735e-05],[-0.01195794 -0.07124038  0.00013246]
62.469663010290944,6.240117981632287,[ 4.73130960e-02 -1.99212178e-02  5.98993105e-05],[-0.01081232 -0.06208749  0.00013295]
62.469663052854244,6.240117939372848,[ 4.74352482e-02 -2.18078938e-02  5.74378675e-05],[ 0.00474381 -0.00218016  0.00011316]
62.46966334397585,6.240117375545322,[ 4.86717581e-02 -2.47906939e-02  5.54804044e-05],[ 0.03244643 -0.02908778  0.00010603]
62.46966338776272,6.240117323820987,[ 4.87990258e-02 -2.66896875e-02  5.34836093e-05],[ 4.88018554e-03 -2.66845131e-03  9.79802933e-05]
62.46966343166318,6.240117268441303,[ 4.89256500e-02 -2.85750962e-02  5.17247410e-05],[ 4.89284496e-03 -2.85703024e-03  9.58463437e-05]
62.46966347567677,6.240117209434884,[ 4.90516291e-02 -3.04460314e-02  5.03315516e-05],[ 0.00490545 -0.00304413  0.00010268]
62.469663342787314,6.2401167021992485,[ 4.83823947e-02 -3.32518428e-02  4.98169345e-05],[-0.01481095 -0.02616822  0.00013095]
62.46966338630983,6.240116634137732,[ 4.85026251e-02 -3.51191945e-02  4.83705221e-05],[ 0.00485072 -0.00351128  0.00013579]
62.469663644909105,6.240116223509555,[ 4.95869571e-02 -3.76934406e-02  4.70894014e-05],[ 0.02882171 -0.02118425  0.00014455]
62.46966387852167,6.240115849122739,[ 5.05595096e-02 -4.01813959e-02  4.60157301e-05],[ 0.02603686 -0.01931456  0.00015821]
62.46966408955554,6.2401156990423905,[ 5.14308230e-02 -4.21772368e-02  4.45799207e-05],[ 0.0235204  -0.00774262  0.00016266]
62.46966413582574,6.24011561375292,[ 5.15624480e-02 -4.40091071e-02  4.27269022e-05],[ 0.00515696 -0.00440007  0.00015671]
62.46966393891576,6.2401152884356135,[ 5.06013402e-02 -4.63243678e-02  4.05567945e-05],[-0.02194624 -0.01678307  0.00014297]
62.46966398443497,6.240115195166458,[ 5.07257304e-02 -4.81246802e-02  3.90987191e-05],[ 0.00507326 -0.00481174  0.00014688]
62.46966418498032,6.240114808203502,[ 5.15446482e-02 -5.05218213e-02  3.76264006e-05],[ 0.02235142 -0.01996337  0.00015029]
62.46966423134893,6.240114706862314,[ 5.16714282e-02 -5.22895439e-02  3.62061635e-05],[ 0.00516793 -0.00522818  0.00015484]
62.46966402494252,6.240114600337671,[ 5.06625247e-02 -5.40357091e-02  3.44004271e-05],[-0.02300465 -0.00549559  0.00014975]
62.46966407051344,6.24011449228361,[ 5.07818878e-02 -5.57525452e-02  3.29555409e-05],[ 0.00507902 -0.00557449  0.00015352]
62.469664262463354,6.24011464010397,[ 5.15571865e-02 -5.68894389e-02  3.04847088e-05],[0.02139343 0.00762603 0.00013189]
62.4696644358379,6.240114627304717,[ 5.22488159e-02 -5.83259335e-02  2.81719347e-05],[ 0.01932314 -0.00066031  0.00011438]
62.46966459242678,6.240114852475678,[ 5.28647220e-02 -5.92167076e-02  2.62534075e-05],[0.01745233 0.01161654 0.00010674]
62.469664639977736,6.2401147346449175,[ 5.29905634e-02 -6.07943810e-02  2.40227232e-05],[ 5.29970524e-03 -6.07887243e-03  9.14301826e-05]
62.469664393723576,6.240114704973472,[ 5.17965995e-02 -6.21507707e-02  2.14551678e-05],[-2.74458086e-02 -1.53074575e-03  6.79516000e-05]
62.46966444030685,6.2401145815617705,[ 5.19142097e-02 -6.36714519e-02  1.86866836e-05],[ 5.19185361e-03 -6.36679241e-03  3.97729396e-05]
62.46966459613673,6.240114561791115,[ 5.25210570e-02 -6.49378515e-02  1.70870955e-05],[ 1.73677355e-02 -1.01996534e-03  4.06720052e-05]
62.46966473686693,6.240114541611963,[ 5.30596061e-02 -6.61686283e-02  1.54893522e-05],[ 1.56848278e-02 -1.04103958e-03  4.14719280e-05]
62.46966478458458,6.240114410582732,[ 5.31800315e-02 -6.76000018e-02  1.48244871e-05],[ 5.31828349e-03 -6.75977963e-03  6.50842932e-05]
62.46966452397533,6.240114304777765,[ 5.19154786e-02 -6.89449861e-02  1.32744320e-05],[-2.90457294e-02 -5.45846348e-03  6.64117364e-05]
62.46966457066045,6.240114168474766,[ 5.20273727e-02 -7.03219816e-02  1.11759387e-05],[ 5.20320428e-03 -7.03185262e-03  5.40868698e-05]
62.46966461744471,6.240114029553064,[ 5.21386665e-02 -7.16723316e-02  9.34850772e-06],[ 5.21425429e-03 -7.16695115e-03  4.84861090e-05]
62.46966437267369,6.240113666978768,[ 5.09403538e-02 -7.34684967e-02  8.12494003e-06],[-2.72805074e-02 -1.87051573e-02  5.76914098e-05]
62.46966441847573,6.24011352204479,[ 5.10435062e-02 -7.47741820e-02  6.24345218e-06],[ 5.10478199e-03 -7.47712371e-03  5.04183314e-05]
62.46966457570454,6.240113012978786,[ 5.16457619e-02 -7.68259450e-02  3.86782759e-06],[ 1.75236498e-02 -2.62626438e-02  3.09511300e-05]
62.46966471768789,6.2401125989604145,[ 5.21793065e-02 -7.86526193e-02  1.67637460e-06],[ 1.58244954e-02 -2.13591497e-02  1.61678937e-05]
62.46966484589473,6.240112653947225,[ 5.26505905e-02 -7.94515420e-02  2.95124337e-08],[1.42890593e-02 2.83676185e-03 1.48608425e-05]
62.469664893232576,6.240112497592072,[ 5.27583326e-02 -8.06641876e-02 -1.56494871e-06],[ 5.27595314e-03 -8.06634036e-03  1.47043476e-05]
62.46966462132198,6.240112319567924,[ 5.14322214e-02 -8.18912442e-02 -3.15940905e-06],[-3.03052999e-02 -9.18424088e-03  1.43884067e-05]
62.46966437551528,6.240112252856481,[ 5.02205482e-02 -8.28493128e-02 -3.63546485e-06],[-2.73959385e-02 -3.44163401e-03  4.14366758e-05]
62.46966415329672,6.240111999518592,[ 4.91120448e-02 -8.41727257e-02 -5.20799220e-06],[-2.47669654e-02 -1.30696665e-02  4.09158766e-05]
62.46966395238893,6.240111769099569,[ 4.80966127e-02 -8.54185156e-02 -7.41171186e-06],[-2.23918115e-02 -1.18872854e-02  2.47041942e-05]
62.469663995614766,6.240111601431003,[ 4.81744252e-02 -8.65011700e-02 -9.23675737e-06],[ 4.81765622e-03 -8.64999799e-03  1.78943561e-05]
62.46966419270176,6.240111262921153,[ 4.89420835e-02 -8.79187318e-02 -9.89210581e-06],[ 2.19659718e-02 -1.74636760e-02  3.98032000e-05]
62.46966437069402,6.240110859932942,[ 4.96243830e-02 -8.94478788e-02 -1.06185198e-05],[ 1.98378033e-02 -2.07901055e-02  5.94485181e-05]
62.46966453143152,6.240110494485341,[ 5.02293705e-02 -9.08718449e-02 -1.21732157e-05],[ 1.79147060e-02 -1.88533906e-02  5.82311965e-05]
62.46966467657524,6.240109923602752,[ 5.07643148e-02 -9.27090194e-02 -1.37278999e-05],[ 1.61767296e-02 -2.94517528e-02  5.68584065e-05]
62.46966480762764,6.240109358630845,[ 5.12358289e-02 -9.45114526e-02 -1.38100518e-05],[ 1.46062055e-02 -2.91468213e-02  9.15685581e-05]
62.46966492594933,6.240108846930595,[ 5.16498313e-02 -9.61773163e-02 -1.53978857e-05],[ 1.31873285e-02 -2.63985440e-02  8.85082670e-05]
62.46966503276346,6.240108479181584,[ 5.20117854e-02 -9.75114136e-02 -1.69744348e-05],[ 1.19047734e-02 -1.89721197e-02  8.55963500e-05]
62.46966512917842,6.240108145815227,[ 5.23265507e-02 -9.87454458e-02 -1.71953127e-05],[ 0.01074575 -0.01719832  0.00011591]
62.46966521619872,6.240107699931509,[ 5.25984788e-02 -1.00193049e-01 -1.83538852e-05],[ 0.00969869 -0.02300308  0.0001225 ]
62.469665263486604,6.240107504011592,[ 5.26914651e-02 -1.01081264e-01 -2.07823972e-05],[ 5.27038474e-03 -1.01074809e-02  9.75583229e-05]
62.46966572035977,6.240106591428371,[ 5.46217201e-02 -1.03472918e-01 -2.20989828e-05],[ 0.05091997 -0.04708004  0.00010018]
62.46966613310116,6.240105574337298,[ 5.63548839e-02 -1.06068880e-01 -2.31800301e-05],[ 0.04600134 -0.05247158  0.00010838]
62.4696661837728,6.240105367109729,[ 5.64635706e-02 -1.06914527e-01 -2.46073002e-05],[ 0.00564752 -0.01069084  0.00010774]
62.4696661686331,6.24010437059074,[ 5.62756358e-02 -1.09418637e-01 -2.60304772e-05],[-0.00168737 -0.05141027  0.00010702]
62.46966615484318,6.240103421422459,[ 5.60924808e-02 -1.11800727e-01 -2.72353902e-05],[-0.00153693 -0.04896746  0.00011149]
62.46966620527601,6.24010320317825,[ 5.61964544e-02 -1.12598142e-01 -2.84527730e-05],[ 0.0056209  -0.01125919  0.00011539]
62.46966657074683,6.240102604557988,[ 5.77132369e-02 -1.14180633e-01 -2.99400833e-05],[ 0.04073288 -0.03088273  0.0001124 ]
62.46966662263911,6.240102381785507,[ 5.78226761e-02 -1.14934503e-01 -3.24708333e-05],[ 5.78355943e-03 -1.14928004e-02  8.35765839e-05]
62.46966656465371,6.240102244253701,[ 5.74379212e-02 -1.15479103e-01 -3.48304680e-05],[-6.46265753e-03 -7.09524612e-03  5.92125460e-05]
62.46966651213992,6.240102167403596,[ 5.70763605e-02 -1.15867288e-01 -3.61194778e-05],[-5.85282687e-03 -3.96468591e-03  6.13685682e-05]
62.46966646457206,6.240101953919793,[ 5.67356144e-02 -1.16521320e-01 -3.74126398e-05],[-5.30158970e-03 -1.10135988e-02  6.31796721e-05]
62.46966642147227,6.24010176064848,[ 5.64135895e-02 -1.17107407e-01 -3.90495682e-05],[-4.80360843e-03 -9.97083934e-03  5.62918018e-05]
62.46966638240792,6.240101777218454,[ 5.61084068e-02 -1.17220868e-01 -4.06597954e-05],[-4.35384591e-03  8.54842558e-04  4.99548309e-05]
62.469666346989065,6.2401020313604665,[ 5.58183428e-02 -1.16802387e-01 -4.23752587e-05],[-3.94754406e-03  1.31111501e-02  4.09104967e-05]
62.46966631486302,6.240102260843251,[ 5.55418144e-02 -1.16412381e-01 -4.39239436e-05],[-3.58054970e-03  1.18389840e-02  3.58921078e-05]
62.46966628571182,6.240102899024778,[ 5.52774548e-02 -1.15125664e-01 -4.54526104e-05],[-3.24899369e-03  3.29236938e-02  3.12226911e-05]
62.46966625924778,6.240103619320133,[ 5.50239709e-02 -1.13639181e-01 -4.69762662e-05],[-2.94950114e-03  3.71599345e-02  2.65250645e-05]
62.46966623521092,6.240104030815683,[ 5.47801991e-02 -1.12788552e-01 -4.84998758e-05],[-2.67898385e-03  2.12289966e-02  2.16750769e-05]
62.46966621336633,6.24010440268777,[ 5.45451286e-02 -1.12000972e-01 -4.98341358e-05],[-2.43464887e-03  1.91848279e-02  2.13314142e-05]
62.46966626238185,6.240104184714276,[ 5.46269506e-02 -1.12453379e-01 -5.20083464e-05],[ 5.46293494e-03 -1.12452214e-02  9.12777005e-08]
62.46966662067932,6.240104254561296,[ 5.60960987e-02 -1.12274701e-01 -5.35409124e-05],[ 3.99333906e-02  3.60339773e-03 -5.26281354e-06]
62.469666671089016,6.240104036116946,[ 5.61838012e-02 -1.12694831e-01 -5.44494041e-05],[ 5.61832082e-03 -1.12695126e-02  4.58688346e-06]
62.46966660674096,6.2401034501295,[ 5.57555766e-02 -1.13885686e-01 -5.63611854e-05],[-7.17179437e-03 -3.02310082e-02 -1.06457123e-05]
62.46966654846527,6.240103160099245,[ 5.53533610e-02 -1.14431767e-01 -5.78165812e-05],[-6.49501051e-03 -1.49626192e-02 -1.46514658e-05]
62.46966649567685,6.2401028023922365,[ 5.49745485e-02 -1.15108589e-01 -5.86237613e-05],[-5.88343753e-03 -1.84540533e-02 -2.88645357e-06]
62.46966644784747,6.240102479314348,[ 5.46167798e-02 -1.15698177e-01 -6.01360061e-05],[-5.33073544e-03 -1.66675420e-02 -8.90005418e-06]
62.46966649691895,6.240102254337104,[ 5.46927577e-02 -1.16064951e-01 -6.23796372e-05],[ 5.46917247e-03 -1.16065438e-02 -3.30655957e-05]
62.46966683171824,6.240102080243652,[ 5.60504041e-02 -1.16309629e-01 -6.39060751e-05],[ 3.73144451e-02 -8.98145611e-03 -3.94562032e-05]
62.46966713412495,6.240101923180446,[ 5.72630271e-02 -1.16504798e-01 -6.54324497e-05],[ 3.37041878e-02 -8.10286810e-03 -4.59994482e-05]
62.46966718557613,6.240101696705211,[ 5.73493483e-02 -1.16835608e-01 -6.77236614e-05],[ 5.73439738e-03 -1.16838246e-02 -7.15194057e-05]
62.469667070607926,6.240101529294191,[ 5.66879150e-02 -1.17028163e-01 -6.91902523e-05],[-1.28135721e-02 -8.63671037e-03 -7.66095820e-05]
62.46966712153578,6.240101301843632,[ 5.67696951e-02 -1.17337066e-01 -7.03725124e-05],[ 5.67607058e-03 -1.17341415e-02 -7.48865633e-05]
62.46966739548505,6.240100885859392,[ 5.78516394e-02 -1.18037545e-01 -7.19549043e-05],[ 3.05325162e-02 -2.14605667e-02 -8.33020328e-05]
62.46966764290224,6.2401004624201155,[ 5.88143576e-02 -1.18743625e-01 -7.34884232e-05],[ 2.75754313e-02 -2.18451708e-02 -9.06508752e-05]
62.46966786634377,6.240100175909536,[ 5.96690699e-02 -1.19146885e-01 -7.50218689e-05],[ 2.49032684e-02 -1.47810391e-02 -9.81530620e-05]
62.46966806811945,6.240099773757239,[ 6.04260133e-02 -1.19786919e-01 -7.73913974e-05],[ 0.02248854 -0.02074698 -0.00012639]
62.46966812240693,6.240099541031846,[ 6.05203076e-02 -1.20055042e-01 -7.88118297e-05],[ 0.00605051 -0.01200627 -0.0001311 ]
62.46966817677796,6.240099307803477,[ 6.06140091e-02 -1.20314229e-01 -8.02104219e-05],[ 0.00605982 -0.01203222 -0.00013548]
62.46966834822946,6.240098894839582,[ 6.12322706e-02 -1.20947786e-01 -8.19636301e-05],[ 0.01910882 -0.02130475 -0.00014881]
62.46966850302121,6.240098809419147,[ 6.17748592e-02 -1.20872194e-01 -8.22194221e-05],[ 0.01725203 -0.00440683 -0.00012535]
62.46966864276175,6.24009916368304,[ 6.22488697e-02 -1.19847537e-01 -8.35782208e-05],[ 0.01557453  0.01827642 -0.00012969]
62.46966876889755,6.240099532268233,[ 6.26608702e-02 -1.18782414e-01 -8.49160231e-05],[ 0.01405824  0.01901526 -0.00013373]
62.469668882738745,6.240100009579218,[ 6.30166750e-02 -1.17475257e-01 -8.47564766e-05],[ 0.01268796  0.0246244  -0.00010115]
62.46966898547299,6.240100537291945,[ 6.33216192e-02 -1.16050610e-01 -8.62394259e-05],[ 0.01145006  0.02722462 -0.00010977]
62.469669042364316,6.240100311991136,[ 6.34199502e-02 -1.16225394e-01 -8.77309007e-05],[ 0.00634072 -0.01162324 -0.00011876]
62.46966874641909,6.240101099091732,[ 6.19334206e-02 -1.14230268e-01 -8.90379465e-05],[-0.03298404  0.0406064  -0.00012335]
62.46966847884757,6.240101811059474,[ 6.05730727e-02 -1.12384669e-01 -9.09044335e-05],[-0.0298217   0.03673031 -0.00014193]
62.469668236913066,6.240102455146035,[ 5.93264988e-02 -1.10673204e-01 -9.27026047e-05],[-0.02696437  0.03322833 -0.00015883]
62.46966801814416,6.2401030379064535,[ 5.81825413e-02 -1.09082114e-01 -9.36148769e-05],[-0.02438249  0.03006452 -0.00015396]
62.46966782030948,6.240103134327581,[ 5.71313026e-02 -1.08520109e-01 -9.45355764e-05],[-0.0220493   0.00497435 -0.00014966]
62.46966764139047,6.240103222172789,[ 5.61635559e-02 -1.07970451e-01 -9.58926837e-05],[-0.01994109  0.00453192 -0.00015648]
62.46966747956205,6.240103110749086,[ 5.52711857e-02 -1.07840982e-01 -9.72196905e-05],[-0.01803629 -0.00574833 -0.00016274]
62.469667333176176,6.240103010772761,[ 5.44467535e-02 -1.07683418e-01 -9.78769335e-05],[-0.01631517 -0.00515776 -0.00015272]
62.469667200745164,6.240103112678966,[ 5.36835455e-02 -1.07090785e-01 -9.86508742e-05],[-0.01475986  0.00525733 -0.00014604]
62.46966724893953,6.2401029049593575,[ 5.37298059e-02 -1.07154400e-01 -9.96713393e-05],[ 0.00537142 -0.01071622 -0.00014582]
62.46966674130745,6.240103066418305,[ 5.12808889e-02 -1.06427215e-01 -9.96285482e-05],[-0.05657721  0.00832964 -0.00011973]
62.469666787336564,6.240102860008883,[ 5.13136539e-02 -1.06480181e-01 -9.98976370e-05],[ 0.00513009 -0.01064863 -0.00010203]
62.46966670688787,6.240103027313463,[ 5.07783683e-02 -1.05732722e-01 -1.00048818e-04],[-8.96626215e-03  8.63121925e-03 -8.19928537e-05]
62.46966663403538,6.240103322931993,[ 5.02761070e-02 -1.04705463e-01 -9.99086574e-05],[-8.11964177e-03  1.52509175e-02 -5.53913803e-05]
62.46966656804679,6.240103973937766,[ 4.98036212e-02 -1.02911829e-01 -9.98477657e-05],[-7.35463772e-03  3.35852945e-02 -3.14439650e-05]
62.46966650825953,6.240105137672001,[ 0.04935801 -0.1000114  -0.00010099],[-6.66347933e-03  6.00368824e-02 -3.77086940e-05]
62.469666454072446,6.240106381757308,[ 0.04893662 -0.09692106 -0.00010204],[-6.03932159e-03  6.41821828e-02 -4.21158138e-05]
62.469666404945315,6.240107554853711,[ 0.04853708 -0.09396171 -0.00010355],[-5.47537362e-03  6.05198754e-02 -5.78742042e-05]
62.46966644850389,6.240107372879455,[ 0.04855284 -0.09387745 -0.00010485],[ 4.85474103e-03 -9.38802578e-03 -6.83588269e-05]
62.46966678259928,6.240108021470228,[ 0.04987232 -0.0920205  -0.00010614],[ 3.72359936e-02  3.34607047e-02 -7.89727178e-05]
62.4696668273606,6.24010784329171,[ 0.04989516 -0.0919181  -0.00010852],[ 0.00498879 -0.0091922  -0.00011653]
62.46966674161191,6.240108400591036,[ 0.04933189 -0.09024688 -0.00011077],[-0.00955696  0.02875099 -0.00015055]
62.46966666396181,6.240108809435968,[ 0.04880392 -0.08888177 -0.00011218],[-0.00865435  0.02109225 -0.00016363]
62.46966659363073,6.240109323544723,[ 0.04830776 -0.08728339 -0.00011346],[-0.00783862  0.0265228  -0.00017371]
62.469666529912814,6.240109549749309,[ 0.04784042 -0.08628973 -0.0001147 ],[-0.00710156  0.01166986 -0.00018281]
62.46966647217009,6.240109755181256,[ 0.04739902 -0.08533608 -0.00011507],[-0.00643561  0.0105982  -0.00017087]
62.46966641982765,6.240110181259977,[ 0.04698092 -0.08390697 -0.00011584],[-0.00583373  0.02198134 -0.00016912]
62.4696663723636,6.240110567353101,[ 0.04658395 -0.08255429 -0.00011655],[-0.00529002  0.01991849 -0.00016642]
62.46966641415089,6.240110407694669,[ 0.04658698 -0.0823598  -0.00011823],[ 0.00465733 -0.00823676 -0.00018771]
62.46966674991219,6.240111109240165,[ 0.04790905 -0.08032969 -0.0001196 ],[ 0.03742166  0.03619263 -0.00020153]
62.469667053153955,6.240111744320893,[ 0.0490874  -0.07842524 -0.00011962],[ 0.03379726  0.03276372 -0.00018215]
62.46966732701374,6.240111984192259,[ 0.05013578 -0.07735052 -0.00011996],[ 0.03052254  0.01237493 -0.0001712 ]
62.46966757432341,6.2401119626675285,[ 0.05106644 -0.07683005 -0.00012038],[ 0.02756345 -0.00111046 -0.00016278]
62.46966779764209,6.240111896430301,[ 0.05189046 -0.07640796 -0.00012185],[ 0.02488958 -0.00341717 -0.00018079]
62.46966799928043,6.2401118376561655,[ 0.05261791 -0.07597387 -0.00012206],[ 0.02247323 -0.00303215 -0.00016764]
62.46966818133018,6.240111833504838,[ 0.05325795 -0.07542673 -0.0001223 ],[ 0.02029002 -0.00021417 -0.00015584]
62.46966834567911,6.240111543539879,[ 0.05381897 -0.07549252 -0.00012284],[ 0.01831721 -0.01495925 -0.00015183]
62.46966849403253,6.240111521954847,[ 0.05430829 -0.07499489 -0.00012373],[ 0.01653446 -0.00111357 -0.00015673]
62.469668542787524,6.240111377019922,[ 0.0543507  -0.0747632  -0.00012479],[ 0.0054339  -0.00747717 -0.00016634]
62.46966859157973,6.240111232523749,[ 0.05439287 -0.07453632 -0.00012685],[ 0.00543805 -0.00745454 -0.00020052]
62.46966864040732,6.240111088454664,[ 0.05443481 -0.07431412 -0.0001277 ],[ 0.00544199 -0.0074325  -0.00020481]
62.46966837670705,6.2401107796436435,[ 0.05307374 -0.0744498  -0.00012853],[-0.02939023 -0.01593152 -0.00020875]
62.469668138255344,6.240110501558438,[ 0.05182416 -0.07452996 -0.00012946],[-0.0265762  -0.01434638 -0.00021535]
62.469667922617425,6.240110203341639,[ 0.05067516 -0.07466214 -0.00012999],[-0.02403353 -0.01538496 -0.00021252]
62.46966772759397,6.240109982677945,[ 0.04961689 -0.0746379  -0.00012989],[-0.02173598 -0.01138401 -0.00019435]
62.46966755119803,6.240109736326348,[ 0.04864051 -0.07467539 -0.00012983],[-0.01965989 -0.01270924 -0.00017799]
62.46966739163304,6.24010946674478,[ 0.04773804 -0.07476994 -0.00013095],[-0.01778403 -0.01390767 -0.00019108]
62.469667434456476,6.2401093221150115,[ 0.04774233 -0.07460517 -0.00013207],[ 0.00477281 -0.00746143 -0.00020429]
62.46966690278845,6.240108759063498,[ 0.04516838 -0.07533928 -0.0001321 ],[-0.05925609 -0.02904775 -0.00019095]
62.469666422179984,6.2401080116830245,[ 0.04281902 -0.07648331 -0.00013118],[-0.05356534 -0.03855725 -0.00015461]
62.4696659877083,6.240107001914122,[ 0.04067207 -0.07820853 -0.00013224],[-0.04842325 -0.05209383 -0.00016784]
62.469665594920016,6.240105994368058,[ 0.03870762 -0.07995548 -0.00013309],[-0.0437775  -0.05197916 -0.00017603]
62.46966523979479,6.240105180311691,[ 0.03690769 -0.08131352 -0.00013315],[-0.03957983 -0.04199705 -0.00016513]
62.469664918700886,6.240104253794217,[ 0.03525623 -0.08292992 -0.00013283],[-0.03578694 -0.04779891 -0.00014517]
62.469664628356036,6.240103225603246,[ 0.03373869 -0.08478312 -0.00013384],[-0.03235986 -0.05304423 -0.00015855]
62.469664365791274,6.240102297011945,[ 0.03234203 -0.0864438  -0.00013471],[-0.02926368 -0.0479059  -0.00016859]
62.46966412832672,6.240101458401661,[ 0.03105446 -0.08792851 -0.00013426],[-0.02646618 -0.04326379 -0.00014638]
62.469664156088,6.240101287820116,[ 0.03095371 -0.08799825 -0.00013455],[ 0.00309408 -0.00880028 -0.00014302]
62.469663555415266,6.240101026324648,[ 0.02803323 -0.08826072 -0.00013379],[-0.06694688 -0.01349052 -0.00011424]
62.46966301241558,6.240100551168666,[ 0.02536233 -0.08897968 -0.00013402],[-0.06051904 -0.02451323 -0.00011057]
62.46966252152144,6.240100122318994,[ 0.02291632 -0.08960392 -0.00013415],[-0.05471171 -0.0221243  -0.0001047 ]
62.4696620777044,6.240099687430571,[ 0.02067306 -0.09024401 -0.00013429],[-4.94648196e-02 -2.24358347e-02 -9.94321105e-05]
62.46966167642074,6.240099199197077,[ 0.01861265 -0.09100088 -0.00013454],[-4.47243387e-02 -2.51879000e-02 -9.75401865e-05]
62.46966131356484,6.240098758510455,[ 0.01671717 -0.09165964 -0.00013451],[-4.04414428e-02 -2.27349636e-02 -8.86646991e-05]
62.46966098542802,6.240098360789873,[ 0.01497048 -0.09222879 -0.00013449],[-3.65718907e-02 -2.05183516e-02 -8.06747423e-05]
62.46966068865882,6.240098001897269,[ 0.0133581  -0.09271609 -0.00013561],[-0.03307587 -0.01851522 -0.00010117]
62.4696604202269,6.240097534447694,[ 0.011867   -0.09343569 -0.00013645],[-0.02991759 -0.02411566 -0.00011482]
62.469660177397344,6.240096921004574,[ 0.01048545 -0.09446935 -0.00013674],[-0.02706413 -0.03164745 -0.00011486]
62.46965995769978,6.240096462905249,[ 0.00920276 -0.09517523 -0.00013693],[-0.02448599 -0.02363328 -0.00011286]
62.46965975890136,6.240096049430759,[ 0.00800939 -0.09578678 -0.00013791],[-0.02215672 -0.02133109 -0.00013056]
62.46965957898291,6.240095628403197,[ 0.00689679 -0.09641453 -0.00013908],[-0.02005248 -0.02172076 -0.00015319]
62.469659416121495,6.240095392077939,[ 0.00585713 -0.09664752 -0.00014018],[-0.01815142 -0.01219199 -0.00017366]
62.46965926867081,6.240095370564547,[ 0.0048834  -0.09641827 -0.00014009],[-0.01643385 -0.00110987 -0.0001652 ]
62.46965913514583,6.240095351670773,[ 0.00396934 -0.09617688 -0.0001399 ],[-0.01488178 -0.00097473 -0.00015446]
62.469659014202634,6.240095430920981,[ 0.00310924 -0.09571937 -0.00013997],[-0.0134795   0.00408851 -0.00015055]
62.46965890462628,6.2400952158265515,[ 0.0022981  -0.0958832  -0.00014015],[-0.01221263 -0.01109669 -0.00014988]
62.4696588053195,6.240095117781649,[ 0.00153115 -0.09579425 -0.00014092],[-0.01106806 -0.00505812 -0.00016397]
62.46965871529,6.240095077646115,[ 0.00080424 -0.09557707 -0.00014169],[-0.01003407 -0.00207059 -0.00017814]
62.46965871570718,6.240094892212071,[ 0.000482   -0.0956651  -0.00014139],[ 4.64954561e-05 -9.56651819e-03 -1.65952481e-04]
62.46965901674193,6.240094300409646,[ 0.00151041 -0.0966187  -0.0001407 ],[ 0.03355128 -0.03053101 -0.00014474]
62.4696590178083,6.240094112945628,[ 0.0012025  -0.09671227 -0.00014142],[ 0.00011885 -0.00967124 -0.00015888]
62.46965928917059,6.240093932528057,[ 0.002109   -0.09678771 -0.00014214],[ 0.03024419 -0.00930772 -0.0001731 ]
62.46965953411055,6.240093722203727,[ 0.00290605 -0.09692415 -0.00014286],[ 0.02729934 -0.0108506  -0.00018738]
62.46965975518163,6.240093436973858,[ 0.00360422 -0.09721832 -0.00014358],[ 0.02463908 -0.01471497 -0.00020174]
62.469659954690556,6.240093227697022,[ 0.004213   -0.09734901 -0.0001443 ],[ 0.0222359  -0.01079656 -0.00021617]
62.469660134721096,6.24009303918479,[ 0.00474104 -0.09743297 -0.00014425],[ 0.02006498 -0.00972532 -0.00021177]
62.46966013872678,6.24009285016223,[ 0.00448512 -0.09751554 -0.00014352],[ 0.00044645 -0.00975165 -0.00019095]
62.46966030053309,6.240092316190043,[ 0.00493871 -0.09833263 -0.00014239],[ 0.01803383 -0.02754755 -0.00016078]
62.46966044650944,6.24009169059545,[ 0.00532673 -0.09934825 -0.00014303],[ 0.01626953 -0.03227434 -0.00017509]
62.469660578181774,6.240091221600557,[ 0.00565552 -0.10003281 -0.00014347],[ 0.0146753  -0.02419538 -0.00018435]
62.46966069693301,6.240090702601684,[ 0.00593092 -0.10082515 -0.00014364],[ 0.0132352  -0.02677508 -0.00018732]
62.46966080401256,6.240090234173705,[ 0.00615808 -0.10151071 -0.00014293],[ 0.01193436 -0.02416614 -0.00016887]
62.469660900550494,6.240089859330631,[ 0.00634169 -0.10199657 -0.00014307],[ 0.01075946 -0.0193381  -0.00017185]
62.469660906025865,6.240089661415256,[ 0.00612003 -0.10210323 -0.00014367],[ 0.00061025 -0.01021043 -0.00018622]
62.46966099228936,6.240088720474688,[ 0.0062623  -0.1037944  -0.00014356],[ 0.00961434 -0.048543   -0.00018351]
62.4696609976957,6.240088519055572,[ 0.00604459 -0.10391074 -0.00014249],[ 0.00060255 -0.01039119 -0.00015725]
62.469661457705456,6.240087545658709,[ 0.00786844 -0.10567282 -0.00014223],[ 0.05126955 -0.05021741 -0.00015153]
62.469661873183355,6.2400868102131195,[ 0.0095054  -0.10693116 -0.00014201],[ 0.04630633 -0.03794154 -0.00014738]
62.46966224843069,6.24008585887357,[ 0.01097331 -0.10865215 -0.00014179],[ 0.04182251 -0.04907948 -0.00014362]
62.46966258733315,6.240085047590935,[ 0.01228809 -0.11007626 -0.000141  ],[ 0.03777176 -0.04185396 -0.00012582]
62.46966289340231,6.240084362883945,[ 0.01346428 -0.11123004 -0.00014104],[ 0.03411238 -0.03532394 -0.00012938]
62.46966316980692,6.240083792571416,[ 0.01451509 -0.1121378  -0.00014068],[ 0.03080617 -0.02942234 -0.00012316]
62.46966341941267,6.240083325647914,[ 0.01545246 -0.11282182 -0.00013981],[ 0.02781935 -0.02408852 -0.00010457]
62.469663644808634,6.240083095815481,[ 0.01628717 -0.11299543 -0.00013947],[ 2.51210967e-02 -1.18570234e-02 -9.98790818e-05]
62.46966384833112,6.240082649323809,[ 0.01702911 -0.11362685 -0.0001393 ],[ 2.26832280e-02 -2.30344434e-02 -9.93534701e-05]
62.46966403209174,6.240081959152859,[ 0.01768716 -0.11477526 -0.00013893],[ 2.04807050e-02 -3.56058233e-02 -9.45456421e-05]
62.46966419799901,6.240081336055886,[ 0.01826928 -0.11577774 -0.0001378 ],[ 1.84908918e-02 -3.21454860e-02 -7.11426112e-05]
62.46966434777857,6.240080534173419,[ 0.01878273 -0.117159   -0.00013816],[ 1.66934090e-02 -4.13690045e-02 -8.49582641e-05]
62.46966436455019,6.240080306781686,[ 0.01870247 -0.11730949 -0.00013885],[ 0.00186925 -0.01173111 -0.00010711]
62.469664497997115,6.240080084109294,[ 0.01914637 -0.11744434 -0.00013921],[ 0.01487308 -0.01148764 -0.00012104]
62.46966451509559,6.24007985618188,[ 0.01907102 -0.11758513 -0.00013949],[ 0.00190568 -0.01175874 -0.00013288]
62.4696650167715,6.240079917650195,[ 0.02117089 -0.11710195 -0.00013971],[ 0.05591337  0.00317114 -0.00014356]
62.4696654699769,6.240079878133193,[ 0.02306356 -0.11682858 -0.00013955],[ 0.05051118 -0.00203868 -0.00014476]
62.46966587939136,6.240079843126356,[ 0.02476844 -0.11654019 -0.00013905],[ 0.04563054 -0.001806   -0.00013777]
62.46966590157721,6.240079616999069,[ 0.0247429  -0.11665534 -0.00013911],[ 0.00247268 -0.01166587 -0.00014523]
62.46966588616476,6.240079656451344,[ 0.02454872 -0.11619871 -0.00013939],[-0.00171777  0.00203534 -0.00015788]
62.46966590815031,6.240079431006032,[ 0.02452196 -0.11630305 -0.0001398 ],[ 0.00245036 -0.01163069 -0.00017389]
62.46966589187561,6.240079729247217,[ 0.02432348 -0.11528438 -0.00014014],[-0.00181387  0.01538622 -0.00018833]
62.46966587705436,6.2400799995341165,[ 0.02413101 -0.11431942 -0.0001398 ],[-0.00165188  0.01394406 -0.00018603]
62.4696658635478,6.240079957277078,[ 0.02394408 -0.11401665 -0.00013946],[-0.00150535 -0.00218003 -0.00018393]
62.4696658512288,6.240079728332027,[ 0.02376209 -0.114109   -0.00013894],[-0.00137299 -0.01181124 -0.00017773]
62.469665839982966,6.240079378556249,[ 0.02358452 -0.11445694 -0.00013768],[-0.00125338 -0.01804488 -0.00015358]
62.46966582970835,6.240079254759554,[ 0.02341081 -0.11431998 -0.00013793],[-0.00114514 -0.00638665 -0.00016738]
62.46966582030714,6.240079143666151,[ 0.02324065 -0.11415272 -0.00013712],[-0.0010478  -0.00573129 -0.00015493]
62.46966581169754,6.240079283470855,[ 0.0230736  -0.11344616 -0.00013625],[-0.00095957  0.0072125  -0.0001414 ]
62.46966580380307,6.240079410621419,[ 0.02290943 -0.11276225 -0.00013443],[-0.00087986  0.00655968 -0.00010506]
62.46966579655681,6.240079622109197,[ 0.02274784 -0.11189389 -0.0001346 ],[-0.00080762  0.01091062 -0.00011852]
62.469665789890996,6.240079574648468,[ 0.02258861 -0.11157434 -0.0001335 ],[-0.00074293 -0.00244849 -0.00010079]
62.469665783752575,6.240079628345724,[ 0.02243145 -0.11103591 -0.00013365],[-0.00068415  0.00277023 -0.00011415]
62.46966577808739,6.240079964997281,[ 0.0222761  -0.10988944 -0.0001338 ],[-0.0006314   0.01736781 -0.00012753]
62.46966577284964,6.240080078556803,[ 0.02212247 -0.10921437 -0.00013395],[-0.00058376  0.00585852 -0.00014093]
62.46966576799795,6.240080182033341,[ 0.02197035 -0.10855738 -0.00013409],[-0.00054074  0.00533834 -0.00015434]
62.46966576349495,6.24008061157842,[ 0.02181948 -0.1072002  -0.00013309],[-0.00050187  0.02216017 -0.00013946]
62.469665759309585,6.240081192173144,[ 0.02166979 -0.10551392 -0.00013274],[-0.00046647  0.0299528  -0.00014092]
62.4696657554095,6.2400818614107605,[ 0.02152117 -0.10363025 -0.00013304],[-0.00043468  0.03452587 -0.00015876]
62.46966575176553,6.240082562894064,[ 0.02137348 -0.10166844 -0.00013275],[-0.00040613  0.03618942 -0.0001622 ]
62.469665770887104,6.2400823659168445,[ 0.02132809 -0.10161681 -0.00013177],[ 0.00213116 -0.01016203 -0.00014849]
62.4696657899693,6.240082169037454,[ 0.0212828  -0.10156664 -0.00013153],[ 0.00212677 -0.01015698 -0.0001535 ]
62.46966578264177,6.240082221193169,[ 0.02111918 -0.10098585 -0.00013126],[-0.00081668  0.00269071 -0.00015798]
62.46966580153503,6.240082025541723,[ 0.02107309 -0.10093298 -0.00012982],[ 0.00210571 -0.01009363 -0.00013396]
62.46966579285922,6.240082572161762,[ 0.02090333 -0.09929539 -0.00012916],[-0.00096695  0.02820005 -0.00012945]
62.46966581156082,6.240082379815378,[ 0.02085638 -0.09922853 -0.0001291 ],[ 0.00208435 -0.00992312 -0.00014012]
62.469665830219455,6.240082187594609,[ 0.02080954 -0.09916351 -0.00012912],[ 0.00207956 -0.00991664 -0.00015279]
62.46966543541293,6.240083152332911,[ 0.01890694 -0.09662812 -0.00012773],[-0.04400244  0.04977071 -0.0001306 ]
62.46966507852761,6.240084216690924,[ 0.01716639 -0.09386423 -0.00012762],[-0.039776    0.05491008 -0.00014073]
62.46966475589978,6.240085323231777,[ 0.01557199 -0.09099202 -0.00012763],[-0.0359579   0.05708629 -0.00015349]
62.469664464221836,6.240086180641713,[ 0.01410953 -0.08863214 -0.00012685],[-0.03250843  0.04423366 -0.00014703]
62.46966420050718,6.2400871481077544,[ 0.01276611 -0.08602083 -0.00012728],[-0.02939184  0.04991144 -0.00017069]
62.46966396205358,6.240088310837355,[ 0.01153003 -0.08297288 -0.00012784],[-0.02657641  0.05998506 -0.00019728]
62.46966374642186,6.240089362791212,[ 0.01039098 -0.08013679 -0.00012784],[-0.02403284  0.05427015 -0.00021007]
62.46966375560936,6.240089207996723,[ 0.01025654 -0.07985611 -0.00012785],[ 0.00102398 -0.00798583 -0.00022285]
62.46966355955321,6.240090942072682,[ 0.00920075 -0.07554604 -0.00012639],[-0.02185108  0.08946074 -0.00019972]
62.46966338222923,6.240092510495578,[ 0.0082247  -0.07154588 -0.00012626],[-0.01976332  0.08091472 -0.00020952]
62.46966338945981,6.240092372577481,[ 0.00807362 -0.07115007 -0.00012616],[ 0.00080587 -0.00711518 -0.00022033]
62.46966361120713,6.2400936144469386,[ 0.00888543 -0.06781454 -0.00012555],[ 0.02471444  0.06406787 -0.00021871]
62.46966381142779,6.240094594526716,[ 0.009607   -0.06500358 -0.00012493],[ 0.02231523  0.05056218 -0.0002168 ]
62.469663992201184,6.240095481715682,[ 0.01024692 -0.06236353 -0.00012289],[ 0.02014777  0.04576996 -0.00018034]
62.469664155407656,6.240096141359093,[ 0.01081313 -0.0601844  -0.0001228 ],[ 0.01818988  0.03403091 -0.00019262]
62.46966430274129,6.240097265742424,[ 0.01131236 -0.05699416 -0.00012271],[ 0.0164208   0.05800678 -0.00020489]
62.469664435735254,6.2400983792641735,[ 0.0117512  -0.05379056 -0.00012169],[ 0.0148226   0.05744643 -0.00019408]
62.46966455577572,6.240099387279668,[ 0.01213554 -0.05077471 -0.00012069],[ 0.01337889  0.05200338 -0.00018422]
62.46966456656408,6.240099290190404,[ 0.01203319 -0.050086   -0.00012002],[ 0.0012024  -0.00500882 -0.00018288]
62.469664290715244,6.240100501281326,[ 0.01064442 -0.04661408 -0.000119  ],[-0.03074423  0.06248001 -0.00017314]
62.469664041306885,6.240101597607694,[ 0.00936793 -0.04334126 -0.00011744],[-0.02779735  0.05655932 -0.00015024]
62.46966381578633,6.240102638181794,[ 0.00819282 -0.0401448  -0.00011594],[-0.02513498  0.05368307 -0.00012948]
62.469663823011075,6.2401025620152994,[ 0.00805729 -0.03929315 -0.00011415],[ 0.00080522 -0.00392942 -0.00010221]
62.46966400123772,6.240103513684088,[ 0.00868967 -0.03625755 -0.00011297],[ 1.98639259e-02  4.90964605e-02 -9.01617130e-05]
62.46966400891692,6.24010344513663,[ 0.00856191 -0.03536277 -0.00011181],[ 8.55872564e-04 -3.53635378e-03 -7.92053059e-05]
62.46966378592654,6.240103980654761,[ 0.00739941 -0.0331896  -0.00011179],[-2.48529855e-02  2.76273062e-02 -9.66083037e-05]
62.469663584272915,6.240104466666474,[ 0.00632729 -0.03110256 -0.00011044],[-2.24749366e-02  2.50732770e-02 -8.11974496e-05]
62.46966358981595,6.240104408201696,[ 0.00618034 -0.0301614  -0.00011016],[ 6.17789209e-04 -3.01618983e-03 -9.22129528e-05]
62.469663789763175,6.2401048093045235,[ 0.0069065  -0.02824982 -0.00011151],[ 0.02228475  0.02069284 -0.00014372]
62.46966379583259,6.2401047563957714,[ 0.00676847 -0.02729458 -0.00011155],[ 0.00067645 -0.00272956 -0.00016213]
62.46966359261704,6.2401052717651035,[ 0.0056916  -0.02513624 -0.00011132],[-0.02264902  0.02658783 -0.00017372]
62.469663408830684,6.240105643862565,[ 0.00469701 -0.02326235 -0.0001097 ],[-0.02048357  0.01919646 -0.00015096]
62.46966324259801,6.240105647096089,[ 0.00377686 -0.02216278 -0.00010857],[-0.01852716  0.00016682 -0.00014087]
62.4696630922236,6.240106083069313,[ 0.00292375 -0.02014598 -0.0001071 ],[-0.0167597   0.0224918  -0.00012286]
62.46966295617621,6.2401064792265055,[ 0.00213136 -0.01819537 -0.00010553],[-0.01516291  0.0204377  -0.0001027 ]
62.46966283307236,6.240106887315439,[ 0.00139386 -0.01620219 -0.00010503],[-0.01372031  0.02105325 -0.00010921]
62.46966283415742,6.240106857996606,[ 0.00121098 -0.01512541 -0.00010322],[ 1.20932580e-04 -1.51255454e-03 -8.37217600e-05]
62.469662339462204,6.240107090398456,[-0.00119631 -0.01349858 -0.00010292],[-5.51353526e-02  1.19895798e-02 -9.57331078e-05]
62.46966189225542,6.240107158999805,[-0.00340427 -0.01221377 -0.00010265],[-0.04984262  0.00353913 -0.00010852]
62.469661487950326,6.240107271091326,[-0.00543158 -0.01083835 -0.00010218],[-0.04506109  0.00578279 -0.00011616]
62.46966112240389,6.240107422488473,[-0.007295   -0.00937807 -0.00010328],[-0.04074131  0.00781056 -0.00016259]
62.46966079187335,6.240107561533668,[-0.00900977 -0.00794048 -0.00010283],[-0.03683868  0.00717332 -0.00017019]
62.46966078354098,6.240107548307749,[-0.00928553 -0.00682481 -0.00010107],[-0.00092867 -0.00068232 -0.00014565]
62.46966010222376,6.240107296625005,[-0.01258028 -0.00622612 -0.00010095],[-0.07593497 -0.01298428 -0.00016185]
62.46965948633199,6.240107071336577,[-1.55965115e-02 -5.59429960e-03 -9.97267855e-05],[-0.06864309 -0.0116226  -0.00015086]
62.469659472042835,6.240107062578783,[-1.59250365e-02 -4.52053667e-03 -9.92775764e-05],[-0.00159257 -0.00045181 -0.00015918]
62.46965945745953,6.24010705589975,[-1.62530231e-02 -3.44829198e-03 -9.84099070e-05],[-0.00162536 -0.00034457 -0.00015719]
62.469658902988925,6.240107386830844,[-1.90023329e-02 -1.66050306e-03 -9.72503573e-05],[-0.06179751  0.01707269 -0.00014815]
62.469658885626785,6.240107385744845,[-1.93505782e-02 -5.63132381e-04 -9.73896999e-05],[-1.93506614e-03 -5.60265505e-05 -1.71336745e-04]
62.46965876878587,6.240108024373023,[-2.01434348e-02  1.89647268e-03 -9.74724407e-05],[-0.01302229  0.03294674 -0.00019288]
62.469658662962544,6.240108507977758,[-2.08867336e-02  4.06618494e-03 -9.61013306e-05],[-0.01179435  0.02494911 -0.00017842]
62.469658643906044,6.2401085181663865,[-2.12400149e-02  5.25251065e-03 -9.51162830e-05],[-0.00212391  0.00052563 -0.00017379]
62.46965816662405,6.240108623586329,[-2.36477068e-02  6.63556519e-03 -9.32885728e-05],[-0.05319459  0.0054386  -0.0001486 ]
62.46965773508836,6.240108481700925,[-2.58565446e-02  7.48977891e-03 -9.28416726e-05],[-0.04809602 -0.00731985 -0.00015788]
62.46965734488654,6.240108355691661,[-2.78848733e-02  8.35984716e-03 -9.20106214e-05],[-0.04348923 -0.0065008  -0.00015767]
62.46965731951444,6.240108374156923,[-2.82795188e-02  9.52174653e-03 -9.11807471e-05],[-0.0028278   0.00095262 -0.00015758]
62.4696573518668,6.24010855014665,[-2.84123987e-02  1.10126696e-02 -9.00418813e-05],[ 0.00360577  0.00907929 -0.00014999]
62.4696573808546,6.240108807134444,[-2.85566988e-02  1.26790151e-02 -8.85783205e-05],[ 0.00323078  0.01325797 -0.00013461]
62.46965740680521,6.240109472511032,[-2.87111043e-02  1.52249489e-02 -8.84155141e-05],[ 0.00289228  0.03432669 -0.00015158]
62.469657430014934,6.2401100760916774,[-2.88742619e-02  1.76706814e-02 -8.77464309e-05],[ 0.0025868   0.03113865 -0.00015591]
62.46965745075087,6.24011033658113,[-2.90449190e-02  1.94086757e-02 -8.70250418e-05],[ 0.00231109  0.01343862 -0.00015897]
62.469657424353855,6.2401103766713,[-2.94236002e-02  2.06777907e-02 -8.67147029e-05],[-0.00294203  0.00206825 -0.00017218]
62.469657828181646,6.240110373401922,[-2.78686910e-02  2.18422616e-02 -8.63541035e-05],[ 0.04500789 -0.00016867 -0.00018404]
62.46965819287327,6.240109989640904,[-2.64796210e-02  2.21780901e-02 -8.58646888e-05],[ 0.04064604 -0.01979818 -0.00019262]
62.46965852220807,6.240109549230116,[-2.52401027e-02  2.23543112e-02 -8.53753016e-05],[ 0.03670541 -0.02272074 -0.00020116]
62.469658819600795,6.240109344833934,[-2.41354844e-02  2.29933571e-02 -8.46617644e-05],[ 0.03314536 -0.01054477 -0.00020413]
62.46965908813651,6.24010916215318,[-2.31523745e-02  2.36516764e-02 -8.29821230e-05],[ 0.02992916 -0.00942448 -0.00018336]
62.46965933060214,6.240108999046449,[-2.22787818e-02  2.43260558e-02 -8.12729168e-05],[ 0.02702357 -0.00841465 -0.00016227]
